01:37:22 [INFO] 周末 (weekday=6)，休市跳过
01:37:43 [INFO] 周末，休市跳过
01:37:59 [INFO] 启动每日量化分析...
01:37:59 [INFO] Step 1/4: 采集数据...
01:37:59 [INFO] [DATA ENGINE] 开始采集数据...
01:37:59 [INFO]   -> 指数日线...
01:38:00 [INFO]   -> 宏观数据...
01:38:00 [INFO]   -> 资金流向...
01:38:01 [INFO]   [FALLBACK] 融资余额(指数估算): balance=15000亿 change=+0.0亿
01:38:01 [INFO]   -> 市场情绪...
01:38:02 [INFO]   [FALLBACK] 涨跌家数估算: 涨2246/跌2753 (指数变化-1.0%)
01:38:02 [DEBUG] Starting new HTTPS connection (1): hq.sinajs.cn:443
01:38:03 [DEBUG] https://hq.sinajs.cn:443 "GET /list=sh000001 HTTP/1.1" 200 137
01:38:03 [DEBUG] https://hq.sinajs.cn:443 "GET /list=sz399001 HTTP/1.1" 200 142
01:38:03 [INFO]   [FALLBACK] 全市场成交额(Sina): 19311亿
01:38:03 [INFO]   [API ERROR] 第1次尝试失败: RemoteDisconnected: Remote end closed connection without response
01:38:04 [INFO]   [API ERROR] 第1次尝试失败: RemoteDisconnected: Remote end closed connection without response
01:38:06 [INFO]   [API ERROR] 第1次尝试失败: RemoteDisconnected: Remote end closed connection without response
01:38:07 [INFO]   [API ERROR] 第2次尝试失败: RemoteDisconnected: Remote end closed connection without response
01:38:08 [INFO]   [API ERROR] 第3次尝试失败: RemoteDisconnected: Remote end closed connection without response
01:38:09 [INFO]   [API ERROR] 第1次尝试失败: RemoteDisconnected: Remote end closed connection without response
01:38:11 [INFO]   [API ERROR] 第2次尝试失败: RemoteDisconnected: Remote end closed connection without response
01:38:12 [INFO]   [API ERROR] 第3次尝试失败: RemoteDisconnected: Remote end closed connection without response
01:38:12 [DEBUG] Starting new HTTPS connection (1): web.ifzq.gtimg.cn:443
01:38:12 [DEBUG] https://web.ifzq.gtimg.cn:443 "GET /appstock/app/fqkline/get?param=sh000001,day,,,1,qfq HTTP/1.1" 200 None
01:38:12 [INFO]   [API ERROR] 第1次尝试失败: RemoteDisconnected: Remote end closed connection without response
01:38:14 [INFO]   [API ERROR] 第2次尝试失败: RemoteDisconnected: Remote end closed connection without response
01:38:15 [INFO]   [API ERROR] 第3次尝试失败: RemoteDisconnected: Remote end closed connection without response
01:38:15 [DEBUG] https://web.ifzq.gtimg.cn:443 "GET /appstock/app/fqkline/get?param=sz399001,day,,,1,qfq HTTP/1.1" 200 None
01:38:15 [INFO]   [FALLBACK] 涨跌家数估算: 涨2246/跌2753 (指数变化-1.0%)
01:38:15 [INFO]   -> 机构资金追踪...
01:38:15 [INFO]   [API ERROR] 第1次尝试失败: RemoteDisconnected: Remote end closed connection without response
01:38:17 [INFO]   [API ERROR] 第2次尝试失败: RemoteDisconnected: Remote end closed connection without response
01:38:18 [INFO]   [API ERROR] 第3次尝试失败: RemoteDisconnected: Remote end closed connection without response
01:38:18 [INFO]   [API ERROR] 第1次尝试失败: RemoteDisconnected: Remote end closed connection without response
01:38:19 [INFO]   [API ERROR] 第2次尝试失败: RemoteDisconnected: Remote end closed connection without response
01:38:21 [INFO]   [API ERROR] 第3次尝试失败: RemoteDisconnected: Remote end closed connection without response
01:38:21 [INFO]   [API ERROR] 第1次尝试失败: RemoteDisconnected: Remote end closed connection without response
01:38:22 [INFO]   [API ERROR] 第2次尝试失败: RemoteDisconnected: Remote end closed connection without response
01:38:23 [INFO]   [API ERROR] 第3次尝试失败: RemoteDisconnected: Remote end closed connection without response
01:38:24 [INFO]   [API ERROR] 第1次尝试失败: RemoteDisconnected: Remote end closed connection without response
01:38:25 [INFO]   [API ERROR] 第2次尝试失败: RemoteDisconnected: Remote end closed connection without response
01:38:26 [INFO]   [API ERROR] 第3次尝试失败: RemoteDisconnected: Remote end closed connection without response
01:38:26 [INFO]   -> ETF数据 (56只, 逐只模式)...
01:38:26 [INFO]   [API ERROR] 第1次尝试失败: RemoteDisconnected: Remote end closed connection without response
01:38:28 [INFO]   [API ERROR] 第2次尝试失败: RemoteDisconnected: Remote end closed connection without response
01:38:29 [INFO]   [API ERROR] 第3次尝试失败: RemoteDisconnected: Remote end closed connection without response
01:38:29 [DEBUG] https://web.ifzq.gtimg.cn:443 "GET /appstock/app/fqkline/get?param=sh512670,day,,,250,qfq HTTP/1.1" 200 None
01:38:29 [INFO]   [API ERROR] 第1次尝试失败: RemoteDisconnected: Remote end closed connection without response
01:38:31 [INFO]   [API ERROR] 第2次尝试失败: RemoteDisconnected: Remote end closed connection without response
01:38:32 [INFO]   [API ERROR] 第3次尝试失败: RemoteDisconnected: Remote end closed connection without response
01:38:32 [DEBUG] Resetting dropped connection: hq.sinajs.cn
01:38:32 [DEBUG] https://hq.sinajs.cn:443 "GET /list=sh512670 HTTP/1.1" 200 189
01:38:32 [INFO]     [1/56] 512670 国防ETF - OK (250d)
01:38:33 [INFO]   [API ERROR] 第1次尝试失败: RemoteDisconnected: Remote end closed connection without response
01:38:35 [INFO]   [API ERROR] 第2次尝试失败: RemoteDisconnected: Remote end closed connection without response
01:38:36 [INFO]   [API ERROR] 第3次尝试失败: RemoteDisconnected: Remote end closed connection without response
01:38:36 [DEBUG] https://web.ifzq.gtimg.cn:443 "GET /appstock/app/fqkline/get?param=sz159819,day,,,250,qfq HTTP/1.1" 200 None
01:38:36 [INFO]   [API ERROR] 第1次尝试失败: RemoteDisconnected: Remote end closed connection without response
01:38:38 [INFO]   [API ERROR] 第2次尝试失败: RemoteDisconnected: Remote end closed connection without response
01:38:39 [INFO]   [API ERROR] 第3次尝试失败: RemoteDisconnected: Remote end closed connection without response
01:38:39 [DEBUG] https://hq.sinajs.cn:443 "GET /list=sz159819 HTTP/1.1" 200 181
01:38:39 [INFO]     [2/56] 159819 AIETF易方达 - OK (250d)
01:38:40 [INFO]   [API ERROR] 第1次尝试失败: RemoteDisconnected: Remote end closed connection without response
01:38:42 [INFO]   [API ERROR] 第2次尝试失败: RemoteDisconnected: Remote end closed connection without response
01:38:43 [INFO]   [API ERROR] 第3次尝试失败: RemoteDisconnected: Remote end closed connection without response
01:38:43 [DEBUG] https://web.ifzq.gtimg.cn:443 "GET /appstock/app/fqkline/get?param=sh513500,day,,,250,qfq HTTP/1.1" 200 None
01:38:43 [INFO]   [API ERROR] 第1次尝试失败: RemoteDisconnected: Remote end closed connection without response
01:38:45 [INFO]   [API ERROR] 第2次尝试失败: RemoteDisconnected: Remote end closed connection without response
01:38:46 [INFO]   [API ERROR] 第3次尝试失败: RemoteDisconnected: Remote end closed connection without response
01:38:46 [DEBUG] https://hq.sinajs.cn:443 "GET /list=sh513500 HTTP/1.1" 200 188
01:38:46 [INFO]     [3/56] 513500 标普500ETF - OK (250d)
01:38:47 [INFO]   [API ERROR] 第1次尝试失败: RemoteDisconnected: Remote end closed connection without response
01:38:49 [INFO]   [API ERROR] 第2次尝试失败: RemoteDisconnected: Remote end closed connection without response
01:38:50 [INFO]   [API ERROR] 第3次尝试失败: RemoteDisconnected: Remote end closed connection without response
01:38:50 [DEBUG] https://web.ifzq.gtimg.cn:443 "GET /appstock/app/fqkline/get?param=sh512400,day,,,250,qfq HTTP/1.1" 200 None
01:38:50 [INFO]   [API ERROR] 第1次尝试失败: RemoteDisconnected: Remote end closed connection without response
01:38:51 [INFO]   [API ERROR] 第2次尝试失败: RemoteDisconnected: Remote end closed connection without response
01:38:53 [INFO]   [API ERROR] 第3次尝试失败: RemoteDisconnected: Remote end closed connection without response
01:38:53 [DEBUG] https://hq.sinajs.cn:443 "GET /list=sh512400 HTTP/1.1" 200 198
01:38:53 [INFO]     [4/56] 512400 有色ETF - OK (250d)
01:38:54 [INFO]   [API ERROR] 第1次尝试失败: RemoteDisconnected: Remote end closed connection without response
01:38:56 [INFO]   [API ERROR] 第2次尝试失败: RemoteDisconnected: Remote end closed connection without response
01:38:57 [INFO]   [API ERROR] 第3次尝试失败: RemoteDisconnected: Remote end closed connection without response
01:38:57 [DEBUG] https://web.ifzq.gtimg.cn:443 "GET /appstock/app/fqkline/get?param=sh512800,day,,,250,qfq HTTP/1.1" 200 None
01:38:57 [INFO]   [API ERROR] 第1次尝试失败: RemoteDisconnected: Remote end closed connection without response
01:38:58 [INFO]   [API ERROR] 第2次尝试失败: RemoteDisconnected: Remote end closed connection without response
01:39:00 [INFO]   [API ERROR] 第3次尝试失败: RemoteDisconnected: Remote end closed connection without response
01:39:00 [DEBUG] https://hq.sinajs.cn:443 "GET /list=sh512800 HTTP/1.1" 200 189
01:39:00 [INFO]     [5/56] 512800 银行ETF - OK (250d)
01:39:01 [INFO]   [API ERROR] 第1次尝试失败: RemoteDisconnected: Remote end closed connection without response
01:39:02 [INFO]   [API ERROR] 第2次尝试失败: RemoteDisconnected: Remote end closed connection without response
01:39:04 [INFO]   [API ERROR] 第3次尝试失败: RemoteDisconnected: Remote end closed connection without response
01:39:04 [DEBUG] https://web.ifzq.gtimg.cn:443 "GET /appstock/app/fqkline/get?param=sh515220,day,,,250,qfq HTTP/1.1" 200 None
01:39:04 [INFO]   [API ERROR] 第1次尝试失败: RemoteDisconnected: Remote end closed connection without response
01:39:05 [INFO]   [API ERROR] 第2次尝试失败: RemoteDisconnected: Remote end closed connection without response
01:39:07 [INFO]   [API ERROR] 第3次尝试失败: RemoteDisconnected: Remote end closed connection without response
01:39:07 [DEBUG] https://hq.sinajs.cn:443 "GET /list=sh515220 HTTP/1.1" 200 189
01:39:07 [INFO]     [6/56] 515220 煤炭ETF - OK (250d)
01:39:08 [INFO]   [API ERROR] 第1次尝试失败: RemoteDisconnected: Remote end closed connection without response
01:39:09 [INFO]   [API ERROR] 第2次尝试失败: RemoteDisconnected: Remote end closed connection without response
01:39:11 [INFO]   [API ERROR] 第3次尝试失败: RemoteDisconnected: Remote end closed connection without response
01:39:11 [DEBUG] https://web.ifzq.gtimg.cn:443 "GET /appstock/app/fqkline/get?param=sz159647,day,,,250,qfq HTTP/1.1" 200 None
01:39:11 [INFO]   [API ERROR] 第1次尝试失败: RemoteDisconnected: Remote end closed connection without response
01:39:12 [INFO]   [API ERROR] 第2次尝试失败: RemoteDisconnected: Remote end closed connection without response
01:39:13 [INFO]   [API ERROR] 第3次尝试失败: RemoteDisconnected: Remote end closed connection without response
01:39:14 [DEBUG] https://hq.sinajs.cn:443 "GET /list=sz159647 HTTP/1.1" 200 172
01:39:14 [INFO]     [7/56] 159647 中药ETF - OK (250d)
01:39:15 [INFO]   [API ERROR] 第1次尝试失败: RemoteDisconnected: Remote end closed connection without response
01:39:16 [INFO]   [API ERROR] 第2次尝试失败: RemoteDisconnected: Remote end closed connection without response
01:39:18 [INFO]   [API ERROR] 第3次尝试失败: RemoteDisconnected: Remote end closed connection without response
01:39:18 [DEBUG] https://web.ifzq.gtimg.cn:443 "GET /appstock/app/fqkline/get?param=sz159870,day,,,250,qfq HTTP/1.1" 200 None
01:39:18 [INFO]   [API ERROR] 第1次尝试失败: RemoteDisconnected: Remote end closed connection without response
01:39:19 [INFO]   [API ERROR] 第2次尝试失败: RemoteDisconnected: Remote end closed connection without response
01:39:20 [INFO]   [API ERROR] 第3次尝试失败: RemoteDisconnected: Remote end closed connection without response
01:39:20 [DEBUG] https://hq.sinajs.cn:443 "GET /list=sz159870 HTTP/1.1" 200 181
01:39:20 [INFO]     [8/56] 159870 化工ETF - OK (250d)
01:39:22 [INFO]   [API ERROR] 第1次尝试失败: RemoteDisconnected: Remote end closed connection without response
01:39:23 [INFO]   [API ERROR] 第2次尝试失败: RemoteDisconnected: Remote end closed connection without response
01:39:24 [INFO]   [API ERROR] 第3次尝试失败: RemoteDisconnected: Remote end closed connection without response
01:39:24 [DEBUG] https://web.ifzq.gtimg.cn:443 "GET /appstock/app/fqkline/get?param=sz159995,day,,,250,qfq HTTP/1.1" 200 None
01:39:25 [INFO]   [API ERROR] 第1次尝试失败: RemoteDisconnected: Remote end closed connection without response
01:39:26 [INFO]   [API ERROR] 第2次尝试失败: RemoteDisconnected: Remote end closed connection without response
01:39:27 [INFO]   [API ERROR] 第3次尝试失败: RemoteDisconnected: Remote end closed connection without response
01:39:27 [DEBUG] https://hq.sinajs.cn:443 "GET /list=sz159995 HTTP/1.1" 200 182
01:39:27 [INFO]     [9/56] 159995 芯片ETF华夏 - OK (250d)
01:39:29 [INFO]   [API ERROR] 第1次尝试失败: RemoteDisconnected: Remote end closed connection without response
01:39:30 [INFO]   [API ERROR] 第2次尝试失败: RemoteDisconnected: Remote end closed connection without response
01:39:31 [INFO]   [API ERROR] 第3次尝试失败: RemoteDisconnected: Remote end closed connection without response
01:39:31 [DEBUG] https://web.ifzq.gtimg.cn:443 "GET /appstock/app/fqkline/get?param=sh515880,day,,,250,qfq HTTP/1.1" 200 None
01:39:31 [INFO]   [API ERROR] 第1次尝试失败: RemoteDisconnected: Remote end closed connection without response
01:39:33 [INFO]   [API ERROR] 第2次尝试失败: RemoteDisconnected: Remote end closed connection without response
01:39:34 [INFO]   [API ERROR] 第3次尝试失败: RemoteDisconnected: Remote end closed connection without response
01:39:34 [DEBUG] https://hq.sinajs.cn:443 "GET /list=sh515880 HTTP/1.1" 200 200
01:39:34 [INFO]     [10/56] 515880 通信ETF - OK (250d)
01:39:35 [INFO]   [API ERROR] 第1次尝试失败: RemoteDisconnected: Remote end closed connection without response
01:39:37 [INFO]   [API ERROR] 第2次尝试失败: RemoteDisconnected: Remote end closed connection without response
01:39:38 [INFO]   [API ERROR] 第3次尝试失败: RemoteDisconnected: Remote end closed connection without response
01:39:38 [DEBUG] https://web.ifzq.gtimg.cn:443 "GET /appstock/app/fqkline/get?param=sz159857,day,,,250,qfq HTTP/1.1" 200 None
01:39:38 [INFO]   [API ERROR] 第1次尝试失败: RemoteDisconnected: Remote end closed connection without response
01:39:40 [INFO]   [API ERROR] 第2次尝试失败: RemoteDisconnected: Remote end closed connection without response
01:39:41 [INFO]   [API ERROR] 第3次尝试失败: RemoteDisconnected: Remote end closed connection without response
01:39:41 [DEBUG] https://hq.sinajs.cn:443 "GET /list=sz159857 HTTP/1.1" 200 178
01:39:41 [INFO]     [11/56] 159857 光伏ETF广发 - OK (250d)
01:39:42 [INFO]   [API ERROR] 第1次尝试失败: RemoteDisconnected: Remote end closed connection without response
01:39:44 [INFO]   [API ERROR] 第2次尝试失败: RemoteDisconnected: Remote end closed connection without response
01:39:45 [INFO]   [API ERROR] 第3次尝试失败: RemoteDisconnected: Remote end closed connection without response
01:39:45 [DEBUG] https://web.ifzq.gtimg.cn:443 "GET /appstock/app/fqkline/get?param=sh513520,day,,,250,qfq HTTP/1.1" 200 None
01:39:45 [INFO]   [API ERROR] 第1次尝试失败: RemoteDisconnected: Remote end closed connection without response
01:39:47 [INFO]   [API ERROR] 第2次尝试失败: RemoteDisconnected: Remote end closed connection without response
01:39:48 [INFO]   [API ERROR] 第3次尝试失败: RemoteDisconnected: Remote end closed connection without response
01:39:48 [DEBUG] https://hq.sinajs.cn:443 "GET /list=sh513520 HTTP/1.1" 200 190
01:39:48 [INFO]     [12/56] 513520 日经ETF - OK (250d)
01:39:49 [INFO]   [API ERROR] 第1次尝试失败: RemoteDisconnected: Remote end closed connection without response
01:39:51 [INFO]   [API ERROR] 第2次尝试失败: RemoteDisconnected: Remote end closed connection without response
01:39:52 [INFO]   [API ERROR] 第3次尝试失败: RemoteDisconnected: Remote end closed connection without response
01:39:52 [DEBUG] https://web.ifzq.gtimg.cn:443 "GET /appstock/app/fqkline/get?param=sz159320,day,,,250,qfq HTTP/1.1" 200 None
01:39:52 [INFO]   [API ERROR] 第1次尝试失败: RemoteDisconnected: Remote end closed connection without response
01:39:54 [INFO]   [API ERROR] 第2次尝试失败: RemoteDisconnected: Remote end closed connection without response
01:39:55 [INFO]   [API ERROR] 第3次尝试失败: RemoteDisconnected: Remote end closed connection without response
01:39:55 [DEBUG] https://hq.sinajs.cn:443 "GET /list=sz159320 HTTP/1.1" 200 178
01:39:55 [INFO]     [13/56] 159320 电网设备ETF广发 - OK (250d)
01:39:56 [INFO]   [API ERROR] 第1次尝试失败: RemoteDisconnected: Remote end closed connection without response
01:39:58 [INFO]   [API ERROR] 第2次尝试失败: RemoteDisconnected: Remote end closed connection without response
01:39:59 [INFO]   [API ERROR] 第3次尝试失败: RemoteDisconnected: Remote end closed connection without response
01:39:59 [DEBUG] https://web.ifzq.gtimg.cn:443 "GET /appstock/app/fqkline/get?param=sz159915,day,,,250,qfq HTTP/1.1" 200 None
01:39:59 [INFO]   [API ERROR] 第1次尝试失败: RemoteDisconnected: Remote end closed connection without response
01:40:00 [INFO]   [API ERROR] 第2次尝试失败: RemoteDisconnected: Remote end closed connection without response
01:40:02 [INFO]   [API ERROR] 第3次尝试失败: RemoteDisconnected: Remote end closed connection without response
01:40:02 [DEBUG] https://hq.sinajs.cn:443 "GET /list=sz159915 HTTP/1.1" 200 185
01:40:02 [INFO]     [14/56] 159915 创业板ETF - OK (250d)
01:40:03 [INFO]   [API ERROR] 第1次尝试失败: RemoteDisconnected: Remote end closed connection without response
01:40:05 [INFO]   [API ERROR] 第2次尝试失败: RemoteDisconnected: Remote end closed connection without response
01:40:06 [INFO]   [API ERROR] 第3次尝试失败: RemoteDisconnected: Remote end closed connection without response
01:40:06 [DEBUG] https://web.ifzq.gtimg.cn:443 "GET /appstock/app/fqkline/get?param=sh515070,day,,,250,qfq HTTP/1.1" 200 None
01:40:06 [INFO]   [API ERROR] 第1次尝试失败: RemoteDisconnected: Remote end closed connection without response
01:40:07 [INFO]   [API ERROR] 第2次尝试失败: RemoteDisconnected: Remote end closed connection without response
01:40:09 [INFO]   [API ERROR] 第3次尝试失败: RemoteDisconnected: Remote end closed connection without response
01:40:09 [DEBUG] https://hq.sinajs.cn:443 "GET /list=sh515070 HTTP/1.1" 200 193
01:40:09 [INFO]     [15/56] 515070 人工智能ETF华夏 - OK (250d)
01:40:10 [INFO]   [API ERROR] 第1次尝试失败: RemoteDisconnected: Remote end closed connection without response
01:40:11 [INFO]   [API ERROR] 第2次尝试失败: RemoteDisconnected: Remote end closed connection without response
01:40:13 [INFO]   [API ERROR] 第3次尝试失败: RemoteDisconnected: Remote end closed connection without response
01:40:13 [DEBUG] https://web.ifzq.gtimg.cn:443 "GET /appstock/app/fqkline/get?param=sh560390,day,,,250,qfq HTTP/1.1" 200 None
01:40:13 [INFO]   [API ERROR] 第1次尝试失败: RemoteDisconnected: Remote end closed connection without response
01:40:14 [INFO]   [API ERROR] 第2次尝试失败: RemoteDisconnected: Remote end closed connection without response
01:40:16 [INFO]   [API ERROR] 第3次尝试失败: RemoteDisconnected: Remote end closed connection without response
01:40:16 [DEBUG] https://hq.sinajs.cn:443 "GET /list=sh560390 HTTP/1.1" 200 199
01:40:16 [INFO]     [16/56] 560390 电网设备ETF易方达 - OK (98d)
01:40:17 [INFO]   [API ERROR] 第1次尝试失败: RemoteDisconnected: Remote end closed connection without response
01:40:18 [INFO]   [API ERROR] 第2次尝试失败: RemoteDisconnected: Remote end closed connection without response
01:40:20 [INFO]   [API ERROR] 第3次尝试失败: RemoteDisconnected: Remote end closed connection without response
01:40:20 [DEBUG] https://web.ifzq.gtimg.cn:443 "GET /appstock/app/fqkline/get?param=sh516780,day,,,250,qfq HTTP/1.1" 200 None
01:40:20 [INFO]   [API ERROR] 第1次尝试失败: RemoteDisconnected: Remote end closed connection without response
01:40:21 [INFO]   [API ERROR] 第2次尝试失败: RemoteDisconnected: Remote end closed connection without response
01:40:22 [INFO]   [API ERROR] 第3次尝试失败: RemoteDisconnected: Remote end closed connection without response
01:40:22 [DEBUG] https://hq.sinajs.cn:443 "GET /list=sh516780 HTTP/1.1" 200 194
01:40:22 [INFO]     [17/56] 516780 稀土ETF - OK (250d)
01:40:24 [INFO]   [API ERROR] 第1次尝试失败: RemoteDisconnected: Remote end closed connection without response
01:40:25 [INFO]   [API ERROR] 第2次尝试失败: RemoteDisconnected: Remote end closed connection without response
01:40:26 [INFO]   [API ERROR] 第3次尝试失败: RemoteDisconnected: Remote end closed connection without response
01:40:27 [DEBUG] https://web.ifzq.gtimg.cn:443 "GET /appstock/app/fqkline/get?param=sz159732,day,,,250,qfq HTTP/1.1" 200 None
01:40:27 [INFO]   [API ERROR] 第1次尝试失败: RemoteDisconnected: Remote end closed connection without response
01:40:28 [INFO]   [API ERROR] 第2次尝试失败: RemoteDisconnected: Remote end closed connection without response
01:40:29 [INFO]   [API ERROR] 第3次尝试失败: RemoteDisconnected: Remote end closed connection without response
01:40:29 [DEBUG] https://hq.sinajs.cn:443 "GET /list=sz159732 HTTP/1.1" 200 180
01:40:29 [INFO]     [18/56] 159732 消费电子ETF - OK (250d)
01:40:31 [INFO]   [API ERROR] 第1次尝试失败: RemoteDisconnected: Remote end closed connection without response
01:40:32 [INFO]   [API ERROR] 第2次尝试失败: RemoteDisconnected: Remote end closed connection without response
01:40:33 [INFO]   [API ERROR] 第3次尝试失败: RemoteDisconnected: Remote end closed connection without response
01:40:33 [DEBUG] https://web.ifzq.gtimg.cn:443 "GET /appstock/app/fqkline/get?param=sz159992,day,,,250,qfq HTTP/1.1" 200 None
01:40:34 [INFO]   [API ERROR] 第1次尝试失败: RemoteDisconnected: Remote end closed connection without response
01:40:35 [INFO]   [API ERROR] 第2次尝试失败: RemoteDisconnected: Remote end closed connection without response
01:40:36 [INFO]   [API ERROR] 第3次尝试失败: RemoteDisconnected: Remote end closed connection without response
01:40:36 [DEBUG] https://hq.sinajs.cn:443 "GET /list=sz159992 HTTP/1.1" 200 188
01:40:36 [INFO]     [19/56] 159992 创新药ETF - OK (250d)
01:40:38 [INFO]   [API ERROR] 第1次尝试失败: RemoteDisconnected: Remote end closed connection without response
01:40:39 [INFO]   [API ERROR] 第2次尝试失败: RemoteDisconnected: Remote end closed connection without response
01:40:40 [INFO]   [API ERROR] 第3次尝试失败: RemoteDisconnected: Remote end closed connection without response
01:40:40 [DEBUG] https://web.ifzq.gtimg.cn:443 "GET /appstock/app/fqkline/get?param=sh512690,day,,,250,qfq HTTP/1.1" 200 None
01:40:41 [INFO]   [API ERROR] 第1次尝试失败: RemoteDisconnected: Remote end closed connection without response
01:40:42 [INFO]   [API ERROR] 第2次尝试失败: RemoteDisconnected: Remote end closed connection without response
01:40:43 [INFO]   [API ERROR] 第3次尝试失败: RemoteDisconnected: Remote end closed connection without response
01:40:43 [DEBUG] https://hq.sinajs.cn:443 "GET /list=sh512690 HTTP/1.1" 200 190
01:40:43 [INFO]     [20/56] 512690 酒ETF - OK (250d)
01:40:45 [INFO]   [API ERROR] 第1次尝试失败: RemoteDisconnected: Remote end closed connection without response
01:40:46 [INFO]   [API ERROR] 第2次尝试失败: RemoteDisconnected: Remote end closed connection without response
01:40:47 [INFO]   [API ERROR] 第3次尝试失败: RemoteDisconnected: Remote end closed connection without response
01:40:47 [DEBUG] https://web.ifzq.gtimg.cn:443 "GET /appstock/app/fqkline/get?param=sz159869,day,,,250,qfq HTTP/1.1" 200 None
01:40:47 [INFO]   [API ERROR] 第1次尝试失败: RemoteDisconnected: Remote end closed connection without response
01:40:49 [INFO]   [API ERROR] 第2次尝试失败: RemoteDisconnected: Remote end closed connection without response
01:40:50 [INFO]   [API ERROR] 第3次尝试失败: RemoteDisconnected: Remote end closed connection without response
01:40:50 [DEBUG] https://hq.sinajs.cn:443 "GET /list=sz159869 HTTP/1.1" 200 184
01:40:50 [INFO]     [21/56] 159869 游戏ETF - OK (250d)
01:40:51 [INFO]   [API ERROR] 第1次尝试失败: RemoteDisconnected: Remote end closed connection without response
01:40:53 [INFO]   [API ERROR] 第2次尝试失败: RemoteDisconnected: Remote end closed connection without response
01:40:54 [INFO]   [API ERROR] 第3次尝试失败: RemoteDisconnected: Remote end closed connection without response
01:40:54 [DEBUG] https://web.ifzq.gtimg.cn:443 "GET /appstock/app/fqkline/get?param=sh512100,day,,,250,qfq HTTP/1.1" 200 None
01:40:54 [INFO]   [API ERROR] 第1次尝试失败: RemoteDisconnected: Remote end closed connection without response
01:40:56 [INFO]   [API ERROR] 第2次尝试失败: RemoteDisconnected: Remote end closed connection without response
01:40:57 [INFO]   [API ERROR] 第3次尝试失败: RemoteDisconnected: Remote end closed connection without response
01:40:57 [DEBUG] https://hq.sinajs.cn:443 "GET /list=sh512100 HTTP/1.1" 200 196
01:40:57 [INFO]     [22/56] 512100 中证1000ETF - OK (250d)
01:40:58 [INFO]   [API ERROR] 第1次尝试失败: RemoteDisconnected: Remote end closed connection without response
01:41:00 [INFO]   [API ERROR] 第2次尝试失败: RemoteDisconnected: Remote end closed connection without response
01:41:01 [INFO]   [API ERROR] 第3次尝试失败: RemoteDisconnected: Remote end closed connection without response
01:41:01 [DEBUG] https://web.ifzq.gtimg.cn:443 "GET /appstock/app/fqkline/get?param=sh512170,day,,,250,qfq HTTP/1.1" 200 None
01:41:01 [INFO]   [API ERROR] 第1次尝试失败: RemoteDisconnected: Remote end closed connection without response
01:41:03 [INFO]   [API ERROR] 第2次尝试失败: RemoteDisconnected: Remote end closed connection without response
01:41:04 [INFO]   [API ERROR] 第3次尝试失败: RemoteDisconnected: Remote end closed connection without response
01:41:04 [DEBUG] https://hq.sinajs.cn:443 "GET /list=sh512170 HTTP/1.1" 200 194
01:41:04 [INFO]     [23/56] 512170 医疗ETF - OK (250d)
01:41:05 [INFO]   [API ERROR] 第1次尝试失败: RemoteDisconnected: Remote end closed connection without response
01:41:07 [INFO]   [API ERROR] 第2次尝试失败: RemoteDisconnected: Remote end closed connection without response
01:41:08 [INFO]   [API ERROR] 第3次尝试失败: RemoteDisconnected: Remote end closed connection without response
01:41:08 [DEBUG] https://web.ifzq.gtimg.cn:443 "GET /appstock/app/fqkline/get?param=sh588000,day,,,250,qfq HTTP/1.1" 200 None
01:41:08 [INFO]   [API ERROR] 第1次尝试失败: RemoteDisconnected: Remote end closed connection without response
01:41:10 [INFO]   [API ERROR] 第2次尝试失败: RemoteDisconnected: Remote end closed connection without response
01:41:11 [INFO]   [API ERROR] 第3次尝试失败: RemoteDisconnected: Remote end closed connection without response
01:41:11 [DEBUG] https://hq.sinajs.cn:443 "GET /list=sh588000 HTTP/1.1" 200 199
01:41:11 [INFO]     [24/56] 588000 科创50ETF - OK (250d)
01:41:12 [INFO]   [API ERROR] 第1次尝试失败: RemoteDisconnected: Remote end closed connection without response
01:41:14 [INFO]   [API ERROR] 第2次尝试失败: RemoteDisconnected: Remote end closed connection without response
01:41:15 [INFO]   [API ERROR] 第3次尝试失败: RemoteDisconnected: Remote end closed connection without response
01:41:15 [DEBUG] https://web.ifzq.gtimg.cn:443 "GET /appstock/app/fqkline/get?param=sz159183,day,,,250,qfq HTTP/1.1" 200 None
01:41:15 [INFO]   [API ERROR] 第1次尝试失败: RemoteDisconnected: Remote end closed connection without response
01:41:17 [INFO]   [API ERROR] 第2次尝试失败: RemoteDisconnected: Remote end closed connection without response
01:41:18 [INFO]   [API ERROR] 第3次尝试失败: RemoteDisconnected: Remote end closed connection without response
01:41:18 [DEBUG] https://hq.sinajs.cn:443 "GET /list=sz159183 HTTP/1.1" 200 163
01:41:18 [INFO]     [25/56] 159183 新能源车ETF招商 - OK (84d)
01:41:19 [INFO]   [API ERROR] 第1次尝试失败: RemoteDisconnected: Remote end closed connection without response
01:41:21 [INFO]   [API ERROR] 第2次尝试失败: RemoteDisconnected: Remote end closed connection without response
01:41:22 [INFO]   [API ERROR] 第3次尝试失败: RemoteDisconnected: Remote end closed connection without response
01:41:22 [DEBUG] https://web.ifzq.gtimg.cn:443 "GET /appstock/app/fqkline/get?param=sh512890,day,,,250,qfq HTTP/1.1" 200 None
01:41:22 [INFO]   [API ERROR] 第1次尝试失败: RemoteDisconnected: Remote end closed connection without response
01:41:23 [INFO]   [API ERROR] 第2次尝试失败: RemoteDisconnected: Remote end closed connection without response
01:41:25 [INFO]   [API ERROR] 第3次尝试失败: RemoteDisconnected: Remote end closed connection without response
01:41:25 [DEBUG] https://hq.sinajs.cn:443 "GET /list=sh512890 HTTP/1.1" 200 204
01:41:25 [INFO]     [26/56] 512890 红利低波ETF - OK (250d)
01:41:26 [INFO]   [API ERROR] 第1次尝试失败: RemoteDisconnected: Remote end closed connection without response
01:41:28 [INFO]   [API ERROR] 第2次尝试失败: RemoteDisconnected: Remote end closed connection without response
01:41:29 [INFO]   [API ERROR] 第3次尝试失败: RemoteDisconnected: Remote end closed connection without response
01:41:29 [DEBUG] https://web.ifzq.gtimg.cn:443 "GET /appstock/app/fqkline/get?param=sz159996,day,,,250,qfq HTTP/1.1" 200 None
01:41:29 [INFO]   [API ERROR] 第1次尝试失败: RemoteDisconnected: Remote end closed connection without response
01:41:31 [INFO]   [API ERROR] 第2次尝试失败: RemoteDisconnected: Remote end closed connection without response
01:41:32 [INFO]   [API ERROR] 第3次尝试失败: RemoteDisconnected: Remote end closed connection without response
01:41:32 [DEBUG] https://hq.sinajs.cn:443 "GET /list=sz159996 HTTP/1.1" 200 168
01:41:32 [INFO]     [27/56] 159996 家电ETF - OK (250d)
01:41:33 [INFO]   [API ERROR] 第1次尝试失败: RemoteDisconnected: Remote end closed connection without response
01:41:35 [INFO]   [API ERROR] 第2次尝试失败: RemoteDisconnected: Remote end closed connection without response
01:41:36 [INFO]   [API ERROR] 第3次尝试失败: RemoteDisconnected: Remote end closed connection without response
01:41:36 [DEBUG] https://web.ifzq.gtimg.cn:443 "GET /appstock/app/fqkline/get?param=sh588050,day,,,250,qfq HTTP/1.1" 200 None
01:41:36 [INFO]   [API ERROR] 第1次尝试失败: RemoteDisconnected: Remote end closed connection without response
01:41:37 [INFO]   [API ERROR] 第2次尝试失败: RemoteDisconnected: Remote end closed connection without response
01:41:39 [INFO]   [API ERROR] 第3次尝试失败: RemoteDisconnected: Remote end closed connection without response
01:41:39 [DEBUG] https://hq.sinajs.cn:443 "GET /list=sh588050 HTTP/1.1" 200 188
01:41:39 [INFO]     [28/56] 588050 科创50ETF易方达 - OK (250d)
01:41:40 [INFO]   [API ERROR] 第1次尝试失败: RemoteDisconnected: Remote end closed connection without response
01:41:42 [INFO]   [API ERROR] 第2次尝试失败: RemoteDisconnected: Remote end closed connection without response
01:41:43 [INFO]   [API ERROR] 第3次尝试失败: RemoteDisconnected: Remote end closed connection without response
01:41:43 [DEBUG] https://web.ifzq.gtimg.cn:443 "GET /appstock/app/fqkline/get?param=sz159227,day,,,250,qfq HTTP/1.1" 200 None
01:41:43 [INFO]   [API ERROR] 第1次尝试失败: RemoteDisconnected: Remote end closed connection without response
01:41:44 [INFO]   [API ERROR] 第2次尝试失败: RemoteDisconnected: Remote end closed connection without response
01:41:46 [INFO]   [API ERROR] 第3次尝试失败: RemoteDisconnected: Remote end closed connection without response
01:41:46 [DEBUG] https://hq.sinajs.cn:443 "GET /list=sz159227 HTTP/1.1" 200 183
01:41:46 [INFO]     [29/56] 159227 航空航天ETF华夏 - OK (250d)
01:41:47 [INFO]   [API ERROR] 第1次尝试失败: RemoteDisconnected: Remote end closed connection without response
01:41:49 [INFO]   [API ERROR] 第2次尝试失败: RemoteDisconnected: Remote end closed connection without response
01:41:50 [INFO]   [API ERROR] 第3次尝试失败: RemoteDisconnected: Remote end closed connection without response
01:41:50 [DEBUG] https://web.ifzq.gtimg.cn:443 "GET /appstock/app/fqkline/get?param=sh516160,day,,,250,qfq HTTP/1.1" 200 None
01:41:50 [INFO]   [API ERROR] 第1次尝试失败: RemoteDisconnected: Remote end closed connection without response
01:41:51 [INFO]   [API ERROR] 第2次尝试失败: RemoteDisconnected: Remote end closed connection without response
01:41:53 [INFO]   [API ERROR] 第3次尝试失败: RemoteDisconnected: Remote end closed connection without response
01:41:53 [DEBUG] https://hq.sinajs.cn:443 "GET /list=sh516160 HTTP/1.1" 200 186
01:41:53 [INFO]     [30/56] 516160 新能源ETF - OK (250d)
01:41:54 [INFO]   [API ERROR] 第1次尝试失败: RemoteDisconnected: Remote end closed connection without response
01:41:55 [INFO]   [API ERROR] 第2次尝试失败: RemoteDisconnected: Remote end closed connection without response
01:41:57 [INFO]   [API ERROR] 第3次尝试失败: RemoteDisconnected: Remote end closed connection without response
01:41:57 [DEBUG] https://web.ifzq.gtimg.cn:443 "GET /appstock/app/fqkline/get?param=sz159845,day,,,250,qfq HTTP/1.1" 200 None
01:41:57 [INFO]   [API ERROR] 第1次尝试失败: RemoteDisconnected: Remote end closed connection without response
01:41:58 [INFO]   [API ERROR] 第2次尝试失败: RemoteDisconnected: Remote end closed connection without response
01:42:00 [INFO]   [API ERROR] 第3次尝试失败: RemoteDisconnected: Remote end closed connection without response
01:42:00 [DEBUG] https://hq.sinajs.cn:443 "GET /list=sz159845 HTTP/1.1" 200 171
01:42:00 [INFO]     [31/56] 159845 中证1000ETF华夏 - OK (250d)
01:42:01 [INFO]   [API ERROR] 第1次尝试失败: RemoteDisconnected: Remote end closed connection without response
01:42:02 [INFO]   [API ERROR] 第2次尝试失败: RemoteDisconnected: Remote end closed connection without response
01:42:04 [INFO]   [API ERROR] 第3次尝试失败: RemoteDisconnected: Remote end closed connection without response
01:42:04 [DEBUG] https://web.ifzq.gtimg.cn:443 "GET /appstock/app/fqkline/get?param=sz159611,day,,,250,qfq HTTP/1.1" 200 None
01:42:04 [INFO]   [API ERROR] 第1次尝试失败: RemoteDisconnected: Remote end closed connection without response
01:42:05 [INFO]   [API ERROR] 第2次尝试失败: RemoteDisconnected: Remote end closed connection without response
01:42:07 [INFO]   [API ERROR] 第3次尝试失败: RemoteDisconnected: Remote end closed connection without response
01:42:07 [DEBUG] https://hq.sinajs.cn:443 "GET /list=sz159611 HTTP/1.1" 200 185
01:42:07 [INFO]     [32/56] 159611 电力ETF - OK (250d)
01:42:08 [INFO]   [API ERROR] 第1次尝试失败: RemoteDisconnected: Remote end closed connection without response
01:42:10 [INFO]   [API ERROR] 第2次尝试失败: RemoteDisconnected: Remote end closed connection without response
01:42:11 [INFO]   [API ERROR] 第3次尝试失败: RemoteDisconnected: Remote end closed connection without response
01:42:11 [DEBUG] https://web.ifzq.gtimg.cn:443 "GET /appstock/app/fqkline/get?param=sh510880,day,,,250,qfq HTTP/1.1" 200 None
01:42:11 [INFO]   [API ERROR] 第1次尝试失败: RemoteDisconnected: Remote end closed connection without response
01:42:12 [INFO]   [API ERROR] 第2次尝试失败: RemoteDisconnected: Remote end closed connection without response
01:42:14 [INFO]   [API ERROR] 第3次尝试失败: RemoteDisconnected: Remote end closed connection without response
01:42:14 [DEBUG] https://hq.sinajs.cn:443 "GET /list=sh510880 HTTP/1.1" 200 191
01:42:14 [INFO]     [33/56] 510880 红利ETF - OK (250d)
01:42:15 [INFO]   [API ERROR] 第1次尝试失败: RemoteDisconnected: Remote end closed connection without response
01:42:16 [INFO]   [API ERROR] 第2次尝试失败: RemoteDisconnected: Remote end closed connection without response
01:42:18 [INFO]   [API ERROR] 第3次尝试失败: RemoteDisconnected: Remote end closed connection without response
01:42:18 [DEBUG] https://web.ifzq.gtimg.cn:443 "GET /appstock/app/fqkline/get?param=sz159516,day,,,250,qfq HTTP/1.1" 200 None
01:42:18 [INFO]   [API ERROR] 第1次尝试失败: RemoteDisconnected: Remote end closed connection without response
01:42:19 [INFO]   [API ERROR] 第2次尝试失败: RemoteDisconnected: Remote end closed connection without response
01:42:21 [INFO]   [API ERROR] 第3次尝试失败: RemoteDisconnected: Remote end closed connection without response
01:42:21 [DEBUG] https://hq.sinajs.cn:443 "GET /list=sz159516 HTTP/1.1" 200 194
01:42:21 [INFO]     [34/56] 159516 半导体设备ETF - OK (250d)
01:42:22 [INFO]   [API ERROR] 第1次尝试失败: RemoteDisconnected: Remote end closed connection without response
01:42:23 [INFO]   [API ERROR] 第2次尝试失败: RemoteDisconnected: Remote end closed connection without response
01:42:25 [INFO]   [API ERROR] 第3次尝试失败: RemoteDisconnected: Remote end closed connection without response
01:42:25 [DEBUG] https://web.ifzq.gtimg.cn:443 "GET /appstock/app/fqkline/get?param=sh512810,day,,,250,qfq HTTP/1.1" 200 None
01:42:25 [INFO]   [API ERROR] 第1次尝试失败: RemoteDisconnected: Remote end closed connection without response
01:42:26 [INFO]   [API ERROR] 第2次尝试失败: RemoteDisconnected: Remote end closed connection without response
01:42:28 [INFO]   [API ERROR] 第3次尝试失败: RemoteDisconnected: Remote end closed connection without response
01:42:28 [DEBUG] https://hq.sinajs.cn:443 "GET /list=sh512810 HTTP/1.1" 200 177
01:42:28 [INFO]     [35/56] 512810 军工ETF - OK (250d)
01:42:29 [INFO]   [API ERROR] 第1次尝试失败: RemoteDisconnected: Remote end closed connection without response
01:42:30 [INFO]   [API ERROR] 第2次尝试失败: RemoteDisconnected: Remote end closed connection without response
01:42:32 [INFO]   [API ERROR] 第3次尝试失败: RemoteDisconnected: Remote end closed connection without response
01:42:32 [DEBUG] https://web.ifzq.gtimg.cn:443 "GET /appstock/app/fqkline/get?param=sh512200,day,,,250,qfq HTTP/1.1" 200 None
01:42:32 [INFO]   [API ERROR] 第1次尝试失败: RemoteDisconnected: Remote end closed connection without response
01:42:33 [INFO]   [API ERROR] 第2次尝试失败: RemoteDisconnected: Remote end closed connection without response
01:42:35 [INFO]   [API ERROR] 第3次尝试失败: RemoteDisconnected: Remote end closed connection without response
01:42:35 [DEBUG] https://hq.sinajs.cn:443 "GET /list=sh512200 HTTP/1.1" 200 187
01:42:35 [INFO]     [36/56] 512200 房地产ETF - OK (250d)
01:42:36 [INFO]   [API ERROR] 第1次尝试失败: RemoteDisconnected: Remote end closed connection without response
01:42:37 [INFO]   [API ERROR] 第2次尝试失败: RemoteDisconnected: Remote end closed connection without response
01:42:39 [INFO]   [API ERROR] 第3次尝试失败: RemoteDisconnected: Remote end closed connection without response
01:42:39 [DEBUG] https://web.ifzq.gtimg.cn:443 "GET /appstock/app/fqkline/get?param=sh513100,day,,,250,qfq HTTP/1.1" 200 None
01:42:39 [INFO]   [API ERROR] 第1次尝试失败: RemoteDisconnected: Remote end closed connection without response
01:42:40 [INFO]   [API ERROR] 第2次尝试失败: RemoteDisconnected: Remote end closed connection without response
01:42:42 [INFO]   [API ERROR] 第3次尝试失败: RemoteDisconnected: Remote end closed connection without response
01:42:42 [DEBUG] https://hq.sinajs.cn:443 "GET /list=sh513100 HTTP/1.1" 200 192
01:42:42 [INFO]     [37/56] 513100 纳指ETF国泰 - OK (250d)
01:42:43 [INFO]   [API ERROR] 第1次尝试失败: RemoteDisconnected: Remote end closed connection without response
01:42:44 [INFO]   [API ERROR] 第2次尝试失败: RemoteDisconnected: Remote end closed connection without response
01:42:46 [INFO]   [API ERROR] 第3次尝试失败: RemoteDisconnected: Remote end closed connection without response
01:42:46 [DEBUG] https://web.ifzq.gtimg.cn:443 "GET /appstock/app/fqkline/get?param=sh513180,day,,,250,qfq HTTP/1.1" 200 None
01:42:46 [INFO]   [API ERROR] 第1次尝试失败: RemoteDisconnected: Remote end closed connection without response
01:42:47 [INFO]   [API ERROR] 第2次尝试失败: RemoteDisconnected: Remote end closed connection without response
01:42:49 [INFO]   [API ERROR] 第3次尝试失败: RemoteDisconnected: Remote end closed connection without response
01:42:49 [DEBUG] https://hq.sinajs.cn:443 "GET /list=sh513180 HTTP/1.1" 200 209
01:42:49 [INFO]     [38/56] 513180 恒生科技ETF - OK (250d)
01:42:50 [INFO]   [API ERROR] 第1次尝试失败: RemoteDisconnected: Remote end closed connection without response
01:42:51 [INFO]   [API ERROR] 第2次尝试失败: RemoteDisconnected: Remote end closed connection without response
01:42:53 [INFO]   [API ERROR] 第3次尝试失败: RemoteDisconnected: Remote end closed connection without response
01:42:53 [DEBUG] https://web.ifzq.gtimg.cn:443 "GET /appstock/app/fqkline/get?param=sh510300,day,,,250,qfq HTTP/1.1" 200 None
01:42:53 [INFO]   [API ERROR] 第1次尝试失败: RemoteDisconnected: Remote end closed connection without response
01:42:54 [INFO]   [API ERROR] 第2次尝试失败: RemoteDisconnected: Remote end closed connection without response
01:42:56 [INFO]   [API ERROR] 第3次尝试失败: RemoteDisconnected: Remote end closed connection without response
01:42:56 [DEBUG] https://hq.sinajs.cn:443 "GET /list=sh510300 HTTP/1.1" 200 200
01:42:56 [INFO]     [39/56] 510300 沪深300ETF华泰柏瑞 - OK (250d)
01:42:57 [INFO]   [API ERROR] 第1次尝试失败: RemoteDisconnected: Remote end closed connection without response
01:42:59 [INFO]   [API ERROR] 第2次尝试失败: RemoteDisconnected: Remote end closed connection without response
01:43:01 [INFO]   [API ERROR] 第3次尝试失败: RemoteDisconnected: Remote end closed connection without response
01:43:01 [DEBUG] https://web.ifzq.gtimg.cn:443 "GET /appstock/app/fqkline/get?param=sz159326,day,,,250,qfq HTTP/1.1" 200 None
01:43:01 [INFO]   [API ERROR] 第1次尝试失败: RemoteDisconnected: Remote end closed connection without response
01:43:02 [INFO]   [API ERROR] 第2次尝试失败: RemoteDisconnected: Remote end closed connection without response
01:43:04 [INFO]   [API ERROR] 第3次尝试失败: RemoteDisconnected: Remote end closed connection without response
01:43:04 [DEBUG] https://hq.sinajs.cn:443 "GET /list=sz159326 HTTP/1.1" 200 187
01:43:04 [INFO]     [40/56] 159326 电网设备ETF华夏 - OK (250d)
01:43:05 [INFO]   [API ERROR] 第1次尝试失败: RemoteDisconnected: Remote end closed connection without response
01:43:06 [INFO]   [API ERROR] 第2次尝试失败: RemoteDisconnected: Remote end closed connection without response
01:43:08 [INFO]   [API ERROR] 第3次尝试失败: RemoteDisconnected: Remote end closed connection without response
01:43:08 [DEBUG] https://web.ifzq.gtimg.cn:443 "GET /appstock/app/fqkline/get?param=sh512760,day,,,250,qfq HTTP/1.1" 200 None
01:43:08 [INFO]   [API ERROR] 第1次尝试失败: RemoteDisconnected: Remote end closed connection without response
01:43:09 [INFO]   [API ERROR] 第2次尝试失败: RemoteDisconnected: Remote end closed connection without response
01:43:11 [INFO]   [API ERROR] 第3次尝试失败: RemoteDisconnected: Remote end closed connection without response
01:43:11 [DEBUG] https://hq.sinajs.cn:443 "GET /list=sh512760 HTTP/1.1" 200 188
01:43:11 [INFO]     [41/56] 512760 芯片ETF国泰 - OK (250d)
01:43:12 [INFO]   [API ERROR] 第1次尝试失败: RemoteDisconnected: Remote end closed connection without response
01:43:13 [INFO]   [API ERROR] 第2次尝试失败: RemoteDisconnected: Remote end closed connection without response
01:43:15 [INFO]   [API ERROR] 第3次尝试失败: RemoteDisconnected: Remote end closed connection without response
01:43:15 [DEBUG] https://web.ifzq.gtimg.cn:443 "GET /appstock/app/fqkline/get?param=sh510500,day,,,250,qfq HTTP/1.1" 200 None
01:43:15 [INFO]   [API ERROR] 第1次尝试失败: RemoteDisconnected: Remote end closed connection without response
01:43:16 [INFO]   [API ERROR] 第2次尝试失败: RemoteDisconnected: Remote end closed connection without response
01:43:18 [INFO]   [API ERROR] 第3次尝试失败: RemoteDisconnected: Remote end closed connection without response
01:43:18 [DEBUG] https://hq.sinajs.cn:443 "GET /list=sh510500 HTTP/1.1" 200 185
01:43:18 [INFO]     [42/56] 510500 中证500ETF - OK (250d)
01:43:19 [INFO]   [API ERROR] 第1次尝试失败: RemoteDisconnected: Remote end closed connection without response
01:43:20 [INFO]   [API ERROR] 第2次尝试失败: RemoteDisconnected: Remote end closed connection without response
01:43:22 [INFO]   [API ERROR] 第3次尝试失败: RemoteDisconnected: Remote end closed connection without response
01:43:22 [DEBUG] https://web.ifzq.gtimg.cn:443 "GET /appstock/app/fqkline/get?param=sh516950,day,,,250,qfq HTTP/1.1" 200 None
01:43:22 [INFO]   [API ERROR] 第1次尝试失败: RemoteDisconnected: Remote end closed connection without response
01:43:23 [INFO]   [API ERROR] 第2次尝试失败: RemoteDisconnected: Remote end closed connection without response
01:43:25 [INFO]   [API ERROR] 第3次尝试失败: RemoteDisconnected: Remote end closed connection without response
01:43:25 [DEBUG] https://hq.sinajs.cn:443 "GET /list=sh516950 HTTP/1.1" 200 175
01:43:25 [INFO]     [43/56] 516950 基建ETF - OK (250d)
01:43:26 [INFO]   [API ERROR] 第1次尝试失败: RemoteDisconnected: Remote end closed connection without response
01:43:28 [INFO]   [API ERROR] 第2次尝试失败: RemoteDisconnected: Remote end closed connection without response
01:43:29 [INFO]   [API ERROR] 第3次尝试失败: RemoteDisconnected: Remote end closed connection without response
01:43:29 [DEBUG] https://web.ifzq.gtimg.cn:443 "GET /appstock/app/fqkline/get?param=sh513050,day,,,250,qfq HTTP/1.1" 200 None
01:43:29 [INFO]   [API ERROR] 第1次尝试失败: RemoteDisconnected: Remote end closed connection without response
01:43:31 [INFO]   [API ERROR] 第2次尝试失败: RemoteDisconnected: Remote end closed connection without response
01:43:32 [INFO]   [API ERROR] 第3次尝试失败: RemoteDisconnected: Remote end closed connection without response
01:43:32 [DEBUG] https://hq.sinajs.cn:443 "GET /list=sh513050 HTTP/1.1" 200 214
01:43:32 [INFO]     [44/56] 513050 中概互联ETF - OK (250d)
01:43:33 [INFO]   [API ERROR] 第1次尝试失败: RemoteDisconnected: Remote end closed connection without response
01:43:35 [INFO]   [API ERROR] 第1次尝试失败: RemoteDisconnected: Remote end closed connection without response
01:43:37 [INFO]   [API ERROR] 第2次尝试失败: RemoteDisconnected: Remote end closed connection without response
01:43:38 [INFO]   [API ERROR] 第3次尝试失败: RemoteDisconnected: Remote end closed connection without response
01:43:38 [DEBUG] https://hq.sinajs.cn:443 "GET /list=sz159790 HTTP/1.1" 200 172
01:43:38 [INFO]     [45/56] 159790 碳中和ETF - OK (250d)
01:43:40 [INFO]   [API ERROR] 第1次尝试失败: RemoteDisconnected: Remote end closed connection without response
01:43:42 [INFO]   [API ERROR] 第2次尝试失败: RemoteDisconnected: Remote end closed connection without response
01:43:43 [INFO]   [API ERROR] 第3次尝试失败: RemoteDisconnected: Remote end closed connection without response
01:43:43 [DEBUG] https://web.ifzq.gtimg.cn:443 "GET /appstock/app/fqkline/get?param=sh513130,day,,,250,qfq HTTP/1.1" 200 None
01:43:43 [INFO]   [API ERROR] 第1次尝试失败: RemoteDisconnected: Remote end closed connection without response
01:43:45 [INFO]   [API ERROR] 第2次尝试失败: RemoteDisconnected: Remote end closed connection without response
01:43:46 [INFO]   [API ERROR] 第3次尝试失败: RemoteDisconnected: Remote end closed connection without response
01:43:46 [DEBUG] https://hq.sinajs.cn:443 "GET /list=sh513130 HTTP/1.1" 200 214
01:43:46 [INFO]     [46/56] 513130 恒生互联网ETF - OK (250d)
01:43:47 [INFO]   [API ERROR] 第1次尝试失败: RemoteDisconnected: Remote end closed connection without response
01:43:49 [INFO]   [API ERROR] 第2次尝试失败: RemoteDisconnected: Remote end closed connection without response
01:43:50 [INFO]   [API ERROR] 第3次尝试失败: RemoteDisconnected: Remote end closed connection without response
01:43:50 [DEBUG] https://web.ifzq.gtimg.cn:443 "GET /appstock/app/fqkline/get?param=sz159659,day,,,250,qfq HTTP/1.1" 200 None
01:43:50 [INFO]   [API ERROR] 第1次尝试失败: RemoteDisconnected: Remote end closed connection without response
01:43:52 [INFO]   [API ERROR] 第2次尝试失败: RemoteDisconnected: Remote end closed connection without response
01:43:53 [INFO]   [API ERROR] 第3次尝试失败: RemoteDisconnected: Remote end closed connection without response
01:43:53 [DEBUG] https://hq.sinajs.cn:443 "GET /list=sz159659 HTTP/1.1" 200 176
01:43:53 [INFO]     [47/56] 159659 纳斯达克100ETF招商 - OK (250d)
01:43:54 [INFO]   [API ERROR] 第1次尝试失败: RemoteDisconnected: Remote end closed connection without response
01:43:57 [INFO]   [API ERROR] 第2次尝试失败: RemoteDisconnected: Remote end closed connection without response
01:43:59 [INFO]   [API ERROR] 第3次尝试失败: RemoteDisconnected: Remote end closed connection without response
01:43:59 [DEBUG] https://web.ifzq.gtimg.cn:443 "GET /appstock/app/fqkline/get?param=sh512880,day,,,250,qfq HTTP/1.1" 200 None
01:43:59 [INFO]   [API ERROR] 第1次尝试失败: RemoteDisconnected: Remote end closed connection without response
01:44:00 [INFO]   [API ERROR] 第2次尝试失败: RemoteDisconnected: Remote end closed connection without response
01:44:02 [INFO]   [API ERROR] 第3次尝试失败: RemoteDisconnected: Remote end closed connection without response
01:44:02 [DEBUG] https://hq.sinajs.cn:443 "GET /list=sh512880 HTTP/1.1" 200 196
01:44:02 [INFO]     [48/56] 512880 证券ETF - OK (250d)
01:44:03 [INFO]   [API ERROR] 第1次尝试失败: RemoteDisconnected: Remote end closed connection without response
01:44:04 [INFO]   [API ERROR] 第2次尝试失败: RemoteDisconnected: Remote end closed connection without response
01:44:06 [INFO]   [API ERROR] 第3次尝试失败: RemoteDisconnected: Remote end closed connection without response
01:44:06 [DEBUG] https://web.ifzq.gtimg.cn:443 "GET /appstock/app/fqkline/get?param=sh562500,day,,,250,qfq HTTP/1.1" 200 None
01:44:06 [INFO]   [API ERROR] 第1次尝试失败: RemoteDisconnected: Remote end closed connection without response
01:44:07 [INFO]   [API ERROR] 第2次尝试失败: RemoteDisconnected: Remote end closed connection without response
01:44:09 [INFO]   [API ERROR] 第3次尝试失败: RemoteDisconnected: Remote end closed connection without response
01:44:09 [DEBUG] https://hq.sinajs.cn:443 "GET /list=sh562500 HTTP/1.1" 200 196
01:44:09 [INFO]     [49/56] 562500 机器人ETF华夏 - OK (250d)
01:44:10 [INFO]   [API ERROR] 第1次尝试失败: RemoteDisconnected: Remote end closed connection without response
01:44:11 [INFO]   [API ERROR] 第2次尝试失败: RemoteDisconnected: Remote end closed connection without response
01:44:13 [INFO]   [API ERROR] 第3次尝试失败: RemoteDisconnected: Remote end closed connection without response
01:44:13 [DEBUG] https://web.ifzq.gtimg.cn:443 "GET /appstock/app/fqkline/get?param=sh518850,day,,,250,qfq HTTP/1.1" 200 None
01:44:13 [INFO]   [API ERROR] 第1次尝试失败: RemoteDisconnected: Remote end closed connection without response
01:44:14 [INFO]   [API ERROR] 第2次尝试失败: RemoteDisconnected: Remote end closed connection without response
01:44:16 [INFO]   [API ERROR] 第3次尝试失败: RemoteDisconnected: Remote end closed connection without response
01:44:16 [DEBUG] https://hq.sinajs.cn:443 "GET /list=sh518850 HTTP/1.1" 200 180
01:44:16 [INFO]     [50/56] 518850 黄金ETF华夏 - OK (250d)
01:44:17 [INFO]   [API ERROR] 第1次尝试失败: RemoteDisconnected: Remote end closed connection without response
01:44:18 [INFO]   [API ERROR] 第2次尝试失败: RemoteDisconnected: Remote end closed connection without response
01:44:20 [INFO]   [API ERROR] 第3次尝试失败: RemoteDisconnected: Remote end closed connection without response
01:44:20 [DEBUG] https://web.ifzq.gtimg.cn:443 "GET /appstock/app/fqkline/get?param=sz159928,day,,,250,qfq HTTP/1.1" 200 None
01:44:20 [INFO]   [API ERROR] 第1次尝试失败: RemoteDisconnected: Remote end closed connection without response
01:44:21 [INFO]   [API ERROR] 第2次尝试失败: RemoteDisconnected: Remote end closed connection without response
01:44:23 [INFO]   [API ERROR] 第3次尝试失败: RemoteDisconnected: Remote end closed connection without response
01:44:23 [DEBUG] https://hq.sinajs.cn:443 "GET /list=sz159928 HTTP/1.1" 200 179
01:44:23 [INFO]     [51/56] 159928 消费ETF - OK (250d)
01:44:24 [INFO]   [API ERROR] 第1次尝试失败: RemoteDisconnected: Remote end closed connection without response
01:44:25 [INFO]   [API ERROR] 第2次尝试失败: RemoteDisconnected: Remote end closed connection without response
01:44:27 [INFO]   [API ERROR] 第3次尝试失败: RemoteDisconnected: Remote end closed connection without response
01:44:27 [DEBUG] https://web.ifzq.gtimg.cn:443 "GET /appstock/app/fqkline/get?param=sz159865,day,,,250,qfq HTTP/1.1" 200 None
01:44:27 [INFO]   [API ERROR] 第1次尝试失败: RemoteDisconnected: Remote end closed connection without response
01:44:28 [INFO]   [API ERROR] 第2次尝试失败: RemoteDisconnected: Remote end closed connection without response
01:44:30 [INFO]   [API ERROR] 第3次尝试失败: RemoteDisconnected: Remote end closed connection without response
01:44:30 [DEBUG] https://hq.sinajs.cn:443 "GET /list=sz159865 HTTP/1.1" 200 180
01:44:30 [INFO]     [52/56] 159865 养殖ETF - OK (250d)
01:44:31 [INFO]   [API ERROR] 第1次尝试失败: RemoteDisconnected: Remote end closed connection without response
01:44:32 [INFO]   [API ERROR] 第2次尝试失败: RemoteDisconnected: Remote end closed connection without response
01:44:34 [INFO]   [API ERROR] 第3次尝试失败: RemoteDisconnected: Remote end closed connection without response
01:44:34 [DEBUG] https://web.ifzq.gtimg.cn:443 "GET /appstock/app/fqkline/get?param=sh560800,day,,,250,qfq HTTP/1.1" 200 None
01:44:34 [INFO]   [API ERROR] 第1次尝试失败: RemoteDisconnected: Remote end closed connection without response
01:44:35 [INFO]   [API ERROR] 第2次尝试失败: RemoteDisconnected: Remote end closed connection without response
01:44:37 [INFO]   [API ERROR] 第3次尝试失败: RemoteDisconnected: Remote end closed connection without response
01:44:37 [DEBUG] https://hq.sinajs.cn:443 "GET /list=sh560800 HTTP/1.1" 200 179
01:44:37 [INFO]     [53/56] 560800 数字经济ETF - OK (250d)
01:44:38 [INFO]   [API ERROR] 第1次尝试失败: RemoteDisconnected: Remote end closed connection without response
01:44:40 [INFO]   [API ERROR] 第2次尝试失败: RemoteDisconnected: Remote end closed connection without response
01:44:41 [INFO]   [API ERROR] 第3次尝试失败: RemoteDisconnected: Remote end closed connection without response
01:44:41 [DEBUG] https://web.ifzq.gtimg.cn:443 "GET /appstock/app/fqkline/get?param=sh516020,day,,,250,qfq HTTP/1.1" 200 None
01:44:41 [INFO]   [API ERROR] 第1次尝试失败: RemoteDisconnected: Remote end closed connection without response
01:44:43 [INFO]   [API ERROR] 第2次尝试失败: RemoteDisconnected: Remote end closed connection without response
01:44:44 [INFO]   [API ERROR] 第3次尝试失败: RemoteDisconnected: Remote end closed connection without response
01:44:44 [DEBUG] https://hq.sinajs.cn:443 "GET /list=sh516020 HTTP/1.1" 200 181
01:44:44 [INFO]     [54/56] 516020 化工ETF华宝 - OK (250d)
01:44:45 [INFO]   [API ERROR] 第1次尝试失败: RemoteDisconnected: Remote end closed connection without response
01:44:47 [INFO]   [API ERROR] 第2次尝试失败: RemoteDisconnected: Remote end closed connection without response
01:44:48 [INFO]   [API ERROR] 第3次尝试失败: RemoteDisconnected: Remote end closed connection without response
01:44:48 [DEBUG] https://web.ifzq.gtimg.cn:443 "GET /appstock/app/fqkline/get?param=sh588200,day,,,250,qfq HTTP/1.1" 200 None
01:44:48 [INFO]   [API ERROR] 第1次尝试失败: RemoteDisconnected: Remote end closed connection without response
01:44:50 [INFO]   [API ERROR] 第2次尝试失败: RemoteDisconnected: Remote end closed connection without response
01:44:51 [INFO]   [API ERROR] 第3次尝试失败: RemoteDisconnected: Remote end closed connection without response
01:44:51 [DEBUG] https://hq.sinajs.cn:443 "GET /list=sh588200 HTTP/1.1" 200 203
01:44:51 [INFO]     [55/56] 588200 科创芯片ETF - OK (250d)
01:44:52 [INFO]   [API ERROR] 第1次尝试失败: RemoteDisconnected: Remote end closed connection without response
01:44:54 [INFO]   [API ERROR] 第2次尝试失败: RemoteDisconnected: Remote end closed connection without response
01:44:55 [INFO]   [API ERROR] 第3次尝试失败: RemoteDisconnected: Remote end closed connection without response
01:44:55 [DEBUG] https://web.ifzq.gtimg.cn:443 "GET /appstock/app/fqkline/get?param=sh515790,day,,,250,qfq HTTP/1.1" 200 None
01:44:55 [INFO]   [API ERROR] 第1次尝试失败: RemoteDisconnected: Remote end closed connection without response
01:44:57 [INFO]   [API ERROR] 第2次尝试失败: RemoteDisconnected: Remote end closed connection without response
01:44:58 [INFO]   [API ERROR] 第3次尝试失败: RemoteDisconnected: Remote end closed connection without response
01:44:58 [DEBUG] https://hq.sinajs.cn:443 "GET /list=sh515790 HTTP/1.1" 200 200
01:44:58 [INFO]     [56/56] 515790 光伏ETF - OK (250d)
01:44:58 [INFO]   -> 个股数据 (1只)...
01:44:58 [INFO]   [API ERROR] 第1次尝试失败: RemoteDisconnected: Remote end closed connection without response
01:45:00 [INFO]   [API ERROR] 第2次尝试失败: RemoteDisconnected: Remote end closed connection without response
01:45:01 [INFO]   [API ERROR] 第3次尝试失败: RemoteDisconnected: Remote end closed connection without response
01:45:01 [DEBUG] https://web.ifzq.gtimg.cn:443 "GET /appstock/app/fqkline/get?param=sz000995,day,,,250,qfq HTTP/1.1" 200 None
01:45:01 [INFO]   [API ERROR] 第1次尝试失败: RemoteDisconnected: Remote end closed connection without response
01:45:02 [INFO]   [API ERROR] 第2次尝试失败: RemoteDisconnected: Remote end closed connection without response
01:45:04 [INFO]   [API ERROR] 第3次尝试失败: RemoteDisconnected: Remote end closed connection without response
01:45:04 [DEBUG] https://hq.sinajs.cn:443 "GET /list=sz000995 HTTP/1.1" 200 171
01:45:04 [INFO]     [1/1] 000995 皇台酒业 - OK (250d)
01:45:04 [INFO] [DATA ENGINE] 采集完成
01:45:04 [INFO] 市场状态预判: CHOPPY → 自适应权重生效
01:45:04 [INFO] Step 2/4: 计算因子(含截面比较)...
01:45:04 [INFO] Step 2/4a: 行业轮动...
01:45:04 [INFO]   [API ERROR] 第1次尝试失败: RemoteDisconnected: Remote end closed connection without response
01:45:05 [INFO]   [API ERROR] 第2次尝试失败: RemoteDisconnected: Remote end closed connection without response
01:45:07 [INFO]   [API ERROR] 第3次尝试失败: RemoteDisconnected: Remote end closed connection without response
01:45:07 [INFO]   [API ERROR] 第1次尝试失败: RemoteDisconnected: Remote end closed connection without response
01:45:08 [INFO]   [API ERROR] 第2次尝试失败: RemoteDisconnected: Remote end closed connection without response
01:45:09 [INFO]   [API ERROR] 第3次尝试失败: RemoteDisconnected: Remote end closed connection without response
01:45:10 [INFO]   [API ERROR] 第1次尝试失败: RemoteDisconnected: Remote end closed connection without response
01:45:11 [INFO]   [API ERROR] 第2次尝试失败: RemoteDisconnected: Remote end closed connection without response
01:45:12 [INFO]   [API ERROR] 第3次尝试失败: RemoteDisconnected: Remote end closed connection without response
01:45:12 [INFO]   [API ERROR] 第1次尝试失败: RemoteDisconnected: Remote end closed connection without response
01:45:14 [INFO]   [API ERROR] 第2次尝试失败: RemoteDisconnected: Remote end closed connection without response
01:45:15 [INFO]   [API ERROR] 第3次尝试失败: RemoteDisconnected: Remote end closed connection without response
01:45:15 [INFO]   [API ERROR] 第1次尝试失败: RemoteDisconnected: Remote end closed connection without response
01:45:17 [INFO]   [API ERROR] 第2次尝试失败: RemoteDisconnected: Remote end closed connection without response
01:45:18 [INFO]   [API ERROR] 第3次尝试失败: RemoteDisconnected: Remote end closed connection without response
01:45:18 [INFO]   [API ERROR] 第1次尝试失败: RemoteDisconnected: Remote end closed connection without response
01:45:19 [INFO]   [API ERROR] 第2次尝试失败: RemoteDisconnected: Remote end closed connection without response
01:45:21 [INFO]   [API ERROR] 第3次尝试失败: RemoteDisconnected: Remote end closed connection without response
01:45:21 [INFO]   [API ERROR] 第1次尝试失败: RemoteDisconnected: Remote end closed connection without response
01:45:22 [INFO]   [API ERROR] 第2次尝试失败: RemoteDisconnected: Remote end closed connection without response
01:45:24 [INFO]   [API ERROR] 第3次尝试失败: RemoteDisconnected: Remote end closed connection without response
01:45:24 [INFO]   [API ERROR] 第1次尝试失败: RemoteDisconnected: Remote end closed connection without response
01:45:25 [INFO]   [API ERROR] 第2次尝试失败: RemoteDisconnected: Remote end closed connection without response
01:45:26 [INFO]   [API ERROR] 第3次尝试失败: RemoteDisconnected: Remote end closed connection without response
01:45:27 [INFO]   [API ERROR] 第1次尝试失败: RemoteDisconnected: Remote end closed connection without response
01:45:28 [INFO]   [API ERROR] 第2次尝试失败: RemoteDisconnected: Remote end closed connection without response
01:45:29 [INFO]   [API ERROR] 第3次尝试失败: RemoteDisconnected: Remote end closed connection without response
01:45:29 [INFO]   [API ERROR] 第1次尝试失败: RemoteDisconnected: Remote end closed connection without response
01:45:31 [INFO]   [API ERROR] 第2次尝试失败: RemoteDisconnected: Remote end closed connection without response
01:45:32 [INFO]   [API ERROR] 第3次尝试失败: RemoteDisconnected: Remote end closed connection without response
01:45:32 [INFO]   [API ERROR] 第1次尝试失败: RemoteDisconnected: Remote end closed connection without response
01:45:34 [INFO]   [API ERROR] 第2次尝试失败: RemoteDisconnected: Remote end closed connection without response
01:45:35 [INFO]   [API ERROR] 第3次尝试失败: RemoteDisconnected: Remote end closed connection without response
01:45:35 [INFO]   [API ERROR] 第1次尝试失败: RemoteDisconnected: Remote end closed connection without response
01:45:36 [INFO]   [API ERROR] 第2次尝试失败: RemoteDisconnected: Remote end closed connection without response
01:45:38 [INFO]   [API ERROR] 第3次尝试失败: RemoteDisconnected: Remote end closed connection without response
01:45:38 [INFO]   [API ERROR] 第1次尝试失败: RemoteDisconnected: Remote end closed connection without response
01:45:39 [INFO]   [API ERROR] 第2次尝试失败: RemoteDisconnected: Remote end closed connection without response
01:45:41 [INFO]   [API ERROR] 第3次尝试失败: RemoteDisconnected: Remote end closed connection without response
01:45:41 [INFO]   [API ERROR] 第1次尝试失败: RemoteDisconnected: Remote end closed connection without response
01:45:42 [INFO]   [API ERROR] 第2次尝试失败: RemoteDisconnected: Remote end closed connection without response
01:45:44 [INFO]   [API ERROR] 第3次尝试失败: RemoteDisconnected: Remote end closed connection without response
01:45:44 [INFO]   [API ERROR] 第1次尝试失败: RemoteDisconnected: Remote end closed connection without response
01:45:45 [INFO]   [API ERROR] 第2次尝试失败: RemoteDisconnected: Remote end closed connection without response
01:45:47 [INFO]   [API ERROR] 第3次尝试失败: RemoteDisconnected: Remote end closed connection without response
01:45:47 [INFO]   [API ERROR] 第1次尝试失败: RemoteDisconnected: Remote end closed connection without response
01:45:49 [INFO]   [API ERROR] 第2次尝试失败: RemoteDisconnected: Remote end closed connection without response
01:45:50 [INFO]   [API ERROR] 第3次尝试失败: RemoteDisconnected: Remote end closed connection without response
01:45:50 [INFO]   [API ERROR] 第1次尝试失败: RemoteDisconnected: Remote end closed connection without response
01:45:51 [INFO]   [API ERROR] 第2次尝试失败: RemoteDisconnected: Remote end closed connection without response
01:45:53 [INFO]   [API ERROR] 第3次尝试失败: RemoteDisconnected: Remote end closed connection without response
01:45:53 [INFO]   [API ERROR] 第1次尝试失败: RemoteDisconnected: Remote end closed connection without response
01:45:54 [INFO]   [API ERROR] 第2次尝试失败: RemoteDisconnected: Remote end closed connection without response
01:45:56 [INFO]   [API ERROR] 第3次尝试失败: RemoteDisconnected: Remote end closed connection without response
01:45:57 [INFO]   [API ERROR] 第1次尝试失败: RemoteDisconnected: Remote end closed connection without response
01:45:58 [INFO]   [API ERROR] 第2次尝试失败: RemoteDisconnected: Remote end closed connection without response
01:46:00 [INFO]   [API ERROR] 第3次尝试失败: RemoteDisconnected: Remote end closed connection without response
01:46:00 [INFO]   [API ERROR] 第1次尝试失败: RemoteDisconnected: Remote end closed connection without response
01:46:01 [INFO]   [API ERROR] 第2次尝试失败: RemoteDisconnected: Remote end closed connection without response
01:46:02 [INFO]   [API ERROR] 第3次尝试失败: RemoteDisconnected: Remote end closed connection without response
01:46:03 [INFO]   [API ERROR] 第1次尝试失败: RemoteDisconnected: Remote end closed connection without response
01:46:04 [INFO]   [API ERROR] 第2次尝试失败: RemoteDisconnected: Remote end closed connection without response
01:46:05 [INFO]   [API ERROR] 第3次尝试失败: RemoteDisconnected: Remote end closed connection without response
01:46:05 [INFO]   [API ERROR] 第1次尝试失败: RemoteDisconnected: Remote end closed connection without response
01:46:07 [INFO]   [API ERROR] 第2次尝试失败: RemoteDisconnected: Remote end closed connection without response
01:46:08 [INFO]   [API ERROR] 第3次尝试失败: RemoteDisconnected: Remote end closed connection without response
01:46:08 [INFO]   [API ERROR] 第1次尝试失败: RemoteDisconnected: Remote end closed connection without response
01:46:10 [INFO]   [API ERROR] 第2次尝试失败: RemoteDisconnected: Remote end closed connection without response
01:46:11 [INFO]   [API ERROR] 第3次尝试失败: RemoteDisconnected: Remote end closed connection without response
01:46:11 [INFO]   [API ERROR] 第1次尝试失败: RemoteDisconnected: Remote end closed connection without response
01:46:13 [INFO]   [API ERROR] 第2次尝试失败: RemoteDisconnected: Remote end closed connection without response
01:46:14 [INFO]   [API ERROR] 第3次尝试失败: RemoteDisconnected: Remote end closed connection without response
01:46:14 [INFO]   [API ERROR] 第1次尝试失败: RemoteDisconnected: Remote end closed connection without response
01:46:16 [INFO]   [API ERROR] 第2次尝试失败: RemoteDisconnected: Remote end closed connection without response
01:46:18 [INFO]   [API ERROR] 第3次尝试失败: RemoteDisconnected: Remote end closed connection without response
01:46:18 [INFO]   [API ERROR] 第1次尝试失败: RemoteDisconnected: Remote end closed connection without response
01:46:19 [INFO]   [API ERROR] 第2次尝试失败: RemoteDisconnected: Remote end closed connection without response
01:46:21 [INFO]   [API ERROR] 第3次尝试失败: RemoteDisconnected: Remote end closed connection without response
01:46:21 [INFO]   [API ERROR] 第1次尝试失败: RemoteDisconnected: Remote end closed connection without response
01:46:22 [INFO]   [API ERROR] 第2次尝试失败: RemoteDisconnected: Remote end closed connection without response
01:46:24 [INFO]   [API ERROR] 第3次尝试失败: RemoteDisconnected: Remote end closed connection without response
01:46:24 [INFO]   [API ERROR] 第1次尝试失败: RemoteDisconnected: Remote end closed connection without response
01:46:25 [INFO]   [API ERROR] 第2次尝试失败: RemoteDisconnected: Remote end closed connection without response
01:46:26 [INFO]   [API ERROR] 第3次尝试失败: RemoteDisconnected: Remote end closed connection without response
01:46:38 [INFO] Step 3/4: 大盘择时...
01:46:38 [INFO] Step 4/4: 生成决策...
01:46:38 [INFO]   [基准对比] 数据不足
01:46:39 [ERROR] 量化系统运行失败: name 'np' is not defined
Traceback (most recent call last):
  File "E:\Claudecode\quant\quant_system\daily_runner.py", line 1001, in <module>
    main()
  File "E:\Claudecode\quant\quant_system\daily_runner.py", line 921, in main
    report = format_report(plan, scores, timing_result, portfolio, all_data, stock_scores, port_summary)
             ^^^^^^^^^^^^^^^^^^^^^^^^^^^^^^^^^^^^^^^^^^^^^^^^^^^^^^^^^^^^^^^^^^^^^^^^^^^^^^^^^^^^^^^^^^^
  File "E:\Claudecode\quant\quant_system\daily_runner.py", line 611, in format_report
    perf_summary = generate_performance_summary()
                   ^^^^^^^^^^^^^^^^^^^^^^^^^^^^^^
  File "E:\Claudecode\quant\quant_system\performance_tracker.py", line 263, in generate_performance_summary
    metrics = compute_performance_metrics(equity)
              ^^^^^^^^^^^^^^^^^^^^^^^^^^^^^^^^^^^
  File "E:\Claudecode\quant\quant_system\performance_tracker.py", line 105, in compute_performance_metrics
    arr = np.array(assets, dtype=np.float64)
          ^^
NameError: name 'np' is not defined

01:46:40 [INFO] [MAIL] Crash report sent
01:46:55 [INFO] 启动每日量化分析...
01:46:55 [INFO] Step 1/4: 采集数据...
01:46:55 [INFO] [DATA ENGINE] 开始采集数据...
01:46:55 [INFO]   -> 指数日线...
01:46:55 [INFO]   [API ERROR] 第1次尝试失败: RemoteDisconnected: Remote end closed connection without response
01:46:57 [INFO]   [API ERROR] 第2次尝试失败: RemoteDisconnected: Remote end closed connection without response
01:46:58 [INFO]   [API ERROR] 第3次尝试失败: RemoteDisconnected: Remote end closed connection without response
01:46:58 [DEBUG] Starting new HTTPS connection (1): web.ifzq.gtimg.cn:443
01:46:59 [DEBUG] https://web.ifzq.gtimg.cn:443 "GET /appstock/app/fqkline/get?param=sh000001,day,,,60,qfq HTTP/1.1" 200 None
01:46:59 [INFO]   [API ERROR] 第1次尝试失败: RemoteDisconnected: Remote end closed connection without response
01:47:00 [INFO]   [API ERROR] 第2次尝试失败: RemoteDisconnected: Remote end closed connection without response
01:47:01 [INFO]   [API ERROR] 第3次尝试失败: RemoteDisconnected: Remote end closed connection without response
01:47:01 [DEBUG] https://web.ifzq.gtimg.cn:443 "GET /appstock/app/fqkline/get?param=sz399001,day,,,60,qfq HTTP/1.1" 200 None
01:47:02 [INFO]   [API ERROR] 第1次尝试失败: RemoteDisconnected: Remote end closed connection without response
01:47:03 [INFO]   [API ERROR] 第2次尝试失败: RemoteDisconnected: Remote end closed connection without response
01:47:05 [INFO]   [API ERROR] 第3次尝试失败: RemoteDisconnected: Remote end closed connection without response
01:47:05 [DEBUG] https://web.ifzq.gtimg.cn:443 "GET /appstock/app/fqkline/get?param=sz399006,day,,,60,qfq HTTP/1.1" 200 None
01:47:05 [INFO]   [API ERROR] 第1次尝试失败: RemoteDisconnected: Remote end closed connection without response
01:47:06 [INFO]   [API ERROR] 第2次尝试失败: RemoteDisconnected: Remote end closed connection without response
01:47:08 [INFO]   [API ERROR] 第3次尝试失败: RemoteDisconnected: Remote end closed connection without response
01:47:08 [DEBUG] https://web.ifzq.gtimg.cn:443 "GET /appstock/app/fqkline/get?param=sh000300,day,,,60,qfq HTTP/1.1" 200 None
01:47:08 [INFO]   [API ERROR] 第1次尝试失败: RemoteDisconnected: Remote end closed connection without response
01:47:09 [INFO]   [API ERROR] 第2次尝试失败: RemoteDisconnected: Remote end closed connection without response
01:47:11 [INFO]   [API ERROR] 第3次尝试失败: RemoteDisconnected: Remote end closed connection without response
01:47:11 [DEBUG] https://web.ifzq.gtimg.cn:443 "GET /appstock/app/fqkline/get?param=sh000905,day,,,60,qfq HTTP/1.1" 200 None
01:47:11 [INFO]   [API ERROR] 第1次尝试失败: RemoteDisconnected: Remote end closed connection without response
01:47:12 [INFO]   [API ERROR] 第2次尝试失败: RemoteDisconnected: Remote end closed connection without response
01:47:13 [INFO]   [API ERROR] 第3次尝试失败: RemoteDisconnected: Remote end closed connection without response
01:47:13 [DEBUG] https://web.ifzq.gtimg.cn:443 "GET /appstock/app/fqkline/get?param=sh000688,day,,,60,qfq HTTP/1.1" 200 None
01:47:14 [INFO]   [API ERROR] 第1次尝试失败: RemoteDisconnected: Remote end closed connection without response
01:47:15 [INFO]   [API ERROR] 第2次尝试失败: RemoteDisconnected: Remote end closed connection without response
01:47:16 [INFO]   [API ERROR] 第3次尝试失败: RemoteDisconnected: Remote end closed connection without response
01:47:16 [DEBUG] https://web.ifzq.gtimg.cn:443 "GET /appstock/app/fqkline/get?param=sz399673,day,,,60,qfq HTTP/1.1" 200 None
01:47:16 [INFO]   -> 宏观数据...
01:47:17 [INFO]   [API ERROR] 第1次尝试失败: RemoteDisconnected: Remote end closed connection without response
01:47:18 [INFO]   [API ERROR] 第2次尝试失败: RemoteDisconnected: Remote end closed connection without response
01:47:19 [INFO]   [API ERROR] 第3次尝试失败: RemoteDisconnected: Remote end closed connection without response
01:47:19 [INFO]   [API ERROR] 第1次尝试失败: RemoteDisconnected: Remote end closed connection without response
01:47:21 [INFO]   [API ERROR] 第2次尝试失败: RemoteDisconnected: Remote end closed connection without response
01:47:22 [INFO]   [API ERROR] 第3次尝试失败: RemoteDisconnected: Remote end closed connection without response
01:47:22 [INFO]   -> 资金流向...
01:47:22 [INFO]   [API ERROR] 第1次尝试失败: RemoteDisconnected: Remote end closed connection without response
01:47:24 [INFO]   [API ERROR] 第2次尝试失败: RemoteDisconnected: Remote end closed connection without response
01:47:25 [INFO]   [API ERROR] 第3次尝试失败: RemoteDisconnected: Remote end closed connection without response
01:47:25 [DEBUG] Starting new HTTPS connection (1): qt.gtimg.cn:443
01:47:25 [DEBUG] https://qt.gtimg.cn:443 "GET /q=ff_bk0479 HTTP/1.1" 200 None
01:47:25 [INFO]   [API ERROR] 第1次尝试失败: RemoteDisconnected: Remote end closed connection without response
01:47:27 [INFO]   [API ERROR] 第2次尝试失败: RemoteDisconnected: Remote end closed connection without response
01:47:28 [INFO]   [API ERROR] 第3次尝试失败: RemoteDisconnected: Remote end closed connection without response
01:47:28 [INFO]   [API ERROR] 第1次尝试失败: RemoteDisconnected: Remote end closed connection without response
01:47:29 [INFO]   [API ERROR] 第2次尝试失败: RemoteDisconnected: Remote end closed connection without response
01:47:31 [INFO]   [API ERROR] 第3次尝试失败: RemoteDisconnected: Remote end closed connection without response
01:47:31 [INFO]   [FALLBACK] 融资余额(指数估算): balance=15000亿 change=+0.0亿
01:47:31 [INFO]   -> 市场情绪...
01:47:31 [INFO]   [API ERROR] 第1次尝试失败: RemoteDisconnected: Remote end closed connection without response
01:47:32 [INFO]   [API ERROR] 第2次尝试失败: RemoteDisconnected: Remote end closed connection without response
01:47:34 [INFO]   [API ERROR] 第3次尝试失败: RemoteDisconnected: Remote end closed connection without response
01:47:34 [INFO]   [API ERROR] 第1次尝试失败: RemoteDisconnected: Remote end closed connection without response
01:47:35 [INFO]   [API ERROR] 第2次尝试失败: RemoteDisconnected: Remote end closed connection without response
01:47:36 [INFO]   [API ERROR] 第3次尝试失败: RemoteDisconnected: Remote end closed connection without response
01:47:37 [INFO]   [API ERROR] 第1次尝试失败: RemoteDisconnected: Remote end closed connection without response
01:47:38 [INFO]   [API ERROR] 第2次尝试失败: RemoteDisconnected: Remote end closed connection without response
01:47:39 [INFO]   [API ERROR] 第3次尝试失败: RemoteDisconnected: Remote end closed connection without response
01:47:39 [INFO]   [API ERROR] 第1次尝试失败: RemoteDisconnected: Remote end closed connection without response
01:47:41 [INFO]   [API ERROR] 第2次尝试失败: RemoteDisconnected: Remote end closed connection without response
01:47:42 [INFO]   [API ERROR] 第3次尝试失败: RemoteDisconnected: Remote end closed connection without response
01:47:42 [INFO]   [API ERROR] 第1次尝试失败: RemoteDisconnected: Remote end closed connection without response
01:47:44 [INFO]   [API ERROR] 第2次尝试失败: RemoteDisconnected: Remote end closed connection without response
01:47:45 [INFO]   [API ERROR] 第3次尝试失败: RemoteDisconnected: Remote end closed connection without response
01:47:45 [DEBUG] https://web.ifzq.gtimg.cn:443 "GET /appstock/app/fqkline/get?param=sh000001,day,,,1,qfq HTTP/1.1" 200 None
01:47:45 [INFO]   [API ERROR] 第1次尝试失败: RemoteDisconnected: Remote end closed connection without response
01:47:46 [INFO]   [API ERROR] 第2次尝试失败: RemoteDisconnected: Remote end closed connection without response
01:47:48 [INFO]   [API ERROR] 第3次尝试失败: RemoteDisconnected: Remote end closed connection without response
01:47:48 [DEBUG] https://web.ifzq.gtimg.cn:443 "GET /appstock/app/fqkline/get?param=sz399001,day,,,1,qfq HTTP/1.1" 200 None
01:47:48 [INFO]   [FALLBACK] 涨跌家数估算: 涨2246/跌2753 (指数变化-1.0%)
01:47:48 [INFO]   [API ERROR] 第1次尝试失败: RemoteDisconnected: Remote end closed connection without response
01:47:49 [INFO]   [API ERROR] 第2次尝试失败: RemoteDisconnected: Remote end closed connection without response
01:47:51 [INFO]   [API ERROR] 第3次尝试失败: RemoteDisconnected: Remote end closed connection without response
01:47:51 [DEBUG] Starting new HTTPS connection (1): hq.sinajs.cn:443
01:47:51 [DEBUG] https://hq.sinajs.cn:443 "GET /list=sh000001 HTTP/1.1" 200 137
01:47:51 [DEBUG] https://hq.sinajs.cn:443 "GET /list=sz399001 HTTP/1.1" 200 142
01:47:51 [INFO]   [FALLBACK] 全市场成交额(Sina): 19311亿
01:47:51 [INFO]   [API ERROR] 第1次尝试失败: RemoteDisconnected: Remote end closed connection without response
01:47:52 [INFO]   [API ERROR] 第2次尝试失败: RemoteDisconnected: Remote end closed connection without response
01:47:54 [INFO]   [API ERROR] 第3次尝试失败: RemoteDisconnected: Remote end closed connection without response
01:47:54 [INFO]   [API ERROR] 第1次尝试失败: RemoteDisconnected: Remote end closed connection without response
01:47:55 [INFO]   [API ERROR] 第2次尝试失败: RemoteDisconnected: Remote end closed connection without response
01:47:56 [INFO]   [API ERROR] 第3次尝试失败: RemoteDisconnected: Remote end closed connection without response
01:47:57 [INFO]   [API ERROR] 第1次尝试失败: RemoteDisconnected: Remote end closed connection without response
01:47:58 [INFO]   [API ERROR] 第2次尝试失败: RemoteDisconnected: Remote end closed connection without response
01:47:59 [INFO]   [API ERROR] 第3次尝试失败: RemoteDisconnected: Remote end closed connection without response
01:47:59 [INFO]   [API ERROR] 第1次尝试失败: RemoteDisconnected: Remote end closed connection without response
01:48:01 [INFO]   [API ERROR] 第2次尝试失败: RemoteDisconnected: Remote end closed connection without response
01:48:02 [INFO]   [API ERROR] 第3次尝试失败: RemoteDisconnected: Remote end closed connection without response
01:48:02 [INFO]   [API ERROR] 第1次尝试失败: RemoteDisconnected: Remote end closed connection without response
01:48:04 [INFO]   [API ERROR] 第2次尝试失败: RemoteDisconnected: Remote end closed connection without response
01:48:05 [INFO]   [API ERROR] 第3次尝试失败: RemoteDisconnected: Remote end closed connection without response
01:48:05 [DEBUG] https://web.ifzq.gtimg.cn:443 "GET /appstock/app/fqkline/get?param=sh000001,day,,,1,qfq HTTP/1.1" 200 None
01:48:05 [INFO]   [API ERROR] 第1次尝试失败: RemoteDisconnected: Remote end closed connection without response
01:48:06 [INFO]   [API ERROR] 第2次尝试失败: RemoteDisconnected: Remote end closed connection without response
01:48:08 [INFO]   [API ERROR] 第3次尝试失败: RemoteDisconnected: Remote end closed connection without response
01:48:08 [DEBUG] https://web.ifzq.gtimg.cn:443 "GET /appstock/app/fqkline/get?param=sz399001,day,,,1,qfq HTTP/1.1" 200 None
01:48:08 [INFO]   [FALLBACK] 涨跌家数估算: 涨2246/跌2753 (指数变化-1.0%)
01:48:08 [INFO]   -> 机构资金追踪...
01:48:08 [INFO]   [API ERROR] 第1次尝试失败: RemoteDisconnected: Remote end closed connection without response
01:48:09 [INFO]   [API ERROR] 第2次尝试失败: RemoteDisconnected: Remote end closed connection without response
01:48:11 [INFO]   [API ERROR] 第3次尝试失败: RemoteDisconnected: Remote end closed connection without response
01:48:11 [INFO]   [API ERROR] 第1次尝试失败: RemoteDisconnected: Remote end closed connection without response
01:48:12 [INFO]   [API ERROR] 第2次尝试失败: RemoteDisconnected: Remote end closed connection without response
01:48:13 [INFO]   [API ERROR] 第3次尝试失败: RemoteDisconnected: Remote end closed connection without response
01:48:14 [INFO]   [API ERROR] 第1次尝试失败: RemoteDisconnected: Remote end closed connection without response
01:48:15 [INFO]   [API ERROR] 第2次尝试失败: RemoteDisconnected: Remote end closed connection without response
01:48:16 [INFO]   [API ERROR] 第3次尝试失败: RemoteDisconnected: Remote end closed connection without response
01:48:16 [INFO]   [API ERROR] 第1次尝试失败: RemoteDisconnected: Remote end closed connection without response
01:48:18 [INFO]   [API ERROR] 第2次尝试失败: RemoteDisconnected: Remote end closed connection without response
01:48:19 [INFO]   [API ERROR] 第3次尝试失败: RemoteDisconnected: Remote end closed connection without response
01:48:19 [INFO]   -> ETF数据 (56只, 逐只模式)...
01:48:19 [INFO]   [API ERROR] 第1次尝试失败: RemoteDisconnected: Remote end closed connection without response
01:48:21 [INFO]   [API ERROR] 第2次尝试失败: RemoteDisconnected: Remote end closed connection without response
01:48:22 [INFO]   [API ERROR] 第3次尝试失败: RemoteDisconnected: Remote end closed connection without response
01:48:22 [DEBUG] https://web.ifzq.gtimg.cn:443 "GET /appstock/app/fqkline/get?param=sh513180,day,,,250,qfq HTTP/1.1" 200 None
01:48:22 [INFO]   [API ERROR] 第1次尝试失败: RemoteDisconnected: Remote end closed connection without response
01:48:23 [INFO]   [API ERROR] 第2次尝试失败: RemoteDisconnected: Remote end closed connection without response
01:48:25 [INFO]   [API ERROR] 第3次尝试失败: RemoteDisconnected: Remote end closed connection without response
01:48:25 [DEBUG] Resetting dropped connection: hq.sinajs.cn
01:48:25 [DEBUG] https://hq.sinajs.cn:443 "GET /list=sh513180 HTTP/1.1" 200 209
01:48:25 [INFO]     [1/56] 513180 恒生科技ETF - OK (250d)
01:48:26 [INFO]   [API ERROR] 第1次尝试失败: RemoteDisconnected: Remote end closed connection without response
01:48:28 [INFO]   [API ERROR] 第2次尝试失败: RemoteDisconnected: Remote end closed connection without response
01:48:29 [INFO]   [API ERROR] 第3次尝试失败: RemoteDisconnected: Remote end closed connection without response
01:48:29 [DEBUG] https://web.ifzq.gtimg.cn:443 "GET /appstock/app/fqkline/get?param=sh515790,day,,,250,qfq HTTP/1.1" 200 None
01:48:29 [INFO]   [API ERROR] 第1次尝试失败: RemoteDisconnected: Remote end closed connection without response
01:48:31 [INFO]   [API ERROR] 第2次尝试失败: RemoteDisconnected: Remote end closed connection without response
01:48:32 [INFO]   [API ERROR] 第3次尝试失败: RemoteDisconnected: Remote end closed connection without response
01:48:32 [DEBUG] https://hq.sinajs.cn:443 "GET /list=sh515790 HTTP/1.1" 200 200
01:48:32 [INFO]     [2/56] 515790 光伏ETF - OK (250d)
01:48:33 [INFO]   [API ERROR] 第1次尝试失败: RemoteDisconnected: Remote end closed connection without response
01:48:35 [INFO]   [API ERROR] 第2次尝试失败: RemoteDisconnected: Remote end closed connection without response
01:48:36 [INFO]   [API ERROR] 第3次尝试失败: RemoteDisconnected: Remote end closed connection without response
01:48:36 [DEBUG] https://web.ifzq.gtimg.cn:443 "GET /appstock/app/fqkline/get?param=sz159870,day,,,250,qfq HTTP/1.1" 200 None
01:48:36 [INFO]   [API ERROR] 第1次尝试失败: RemoteDisconnected: Remote end closed connection without response
01:48:38 [INFO]   [API ERROR] 第2次尝试失败: RemoteDisconnected: Remote end closed connection without response
01:48:39 [INFO]   [API ERROR] 第3次尝试失败: RemoteDisconnected: Remote end closed connection without response
01:48:39 [DEBUG] https://hq.sinajs.cn:443 "GET /list=sz159870 HTTP/1.1" 200 181
01:48:39 [INFO]     [3/56] 159870 化工ETF - OK (250d)
01:48:40 [INFO]   [API ERROR] 第1次尝试失败: RemoteDisconnected: Remote end closed connection without response
01:48:42 [INFO]   [API ERROR] 第2次尝试失败: RemoteDisconnected: Remote end closed connection without response
01:48:43 [INFO]   [API ERROR] 第3次尝试失败: RemoteDisconnected: Remote end closed connection without response
01:48:43 [DEBUG] https://web.ifzq.gtimg.cn:443 "GET /appstock/app/fqkline/get?param=sz159611,day,,,250,qfq HTTP/1.1" 200 None
01:48:43 [INFO]   [API ERROR] 第1次尝试失败: RemoteDisconnected: Remote end closed connection without response
01:48:45 [INFO]   [API ERROR] 第2次尝试失败: RemoteDisconnected: Remote end closed connection without response
01:48:46 [INFO]   [API ERROR] 第3次尝试失败: RemoteDisconnected: Remote end closed connection without response
01:48:46 [DEBUG] https://hq.sinajs.cn:443 "GET /list=sz159611 HTTP/1.1" 200 185
01:48:46 [INFO]     [4/56] 159611 电力ETF - OK (250d)
01:48:47 [INFO]   [API ERROR] 第1次尝试失败: RemoteDisconnected: Remote end closed connection without response
01:48:49 [INFO]   [API ERROR] 第2次尝试失败: RemoteDisconnected: Remote end closed connection without response
01:48:50 [INFO]   [API ERROR] 第3次尝试失败: RemoteDisconnected: Remote end closed connection without response
01:48:50 [DEBUG] https://web.ifzq.gtimg.cn:443 "GET /appstock/app/fqkline/get?param=sh518850,day,,,250,qfq HTTP/1.1" 200 None
01:48:50 [INFO]   [API ERROR] 第1次尝试失败: RemoteDisconnected: Remote end closed connection without response
01:48:52 [INFO]   [API ERROR] 第2次尝试失败: RemoteDisconnected: Remote end closed connection without response
01:48:53 [INFO]   [API ERROR] 第3次尝试失败: RemoteDisconnected: Remote end closed connection without response
01:48:53 [DEBUG] https://hq.sinajs.cn:443 "GET /list=sh518850 HTTP/1.1" 200 180
01:48:53 [INFO]     [5/56] 518850 黄金ETF华夏 - OK (250d)
01:48:54 [INFO]   [API ERROR] 第1次尝试失败: RemoteDisconnected: Remote end closed connection without response
01:48:56 [INFO]   [API ERROR] 第2次尝试失败: RemoteDisconnected: Remote end closed connection without response
01:48:57 [INFO]   [API ERROR] 第3次尝试失败: RemoteDisconnected: Remote end closed connection without response
01:48:57 [DEBUG] https://web.ifzq.gtimg.cn:443 "GET /appstock/app/fqkline/get?param=sz159790,day,,,250,qfq HTTP/1.1" 200 None
01:48:58 [INFO]   [API ERROR] 第1次尝试失败: RemoteDisconnected: Remote end closed connection without response
01:48:59 [INFO]   [API ERROR] 第2次尝试失败: RemoteDisconnected: Remote end closed connection without response
01:49:00 [INFO]   [API ERROR] 第3次尝试失败: RemoteDisconnected: Remote end closed connection without response
01:49:00 [DEBUG] https://hq.sinajs.cn:443 "GET /list=sz159790 HTTP/1.1" 200 172
01:49:00 [INFO]     [6/56] 159790 碳中和ETF - OK (250d)
01:49:02 [INFO]   [API ERROR] 第1次尝试失败: RemoteDisconnected: Remote end closed connection without response
01:49:03 [INFO]   [API ERROR] 第2次尝试失败: RemoteDisconnected: Remote end closed connection without response
01:49:05 [INFO]   [API ERROR] 第3次尝试失败: RemoteDisconnected: Remote end closed connection without response
01:49:05 [DEBUG] https://web.ifzq.gtimg.cn:443 "GET /appstock/app/fqkline/get?param=sh515070,day,,,250,qfq HTTP/1.1" 200 None
01:49:05 [INFO]   [API ERROR] 第1次尝试失败: RemoteDisconnected: Remote end closed connection without response
01:49:06 [INFO]   [API ERROR] 第2次尝试失败: RemoteDisconnected: Remote end closed connection without response
01:49:07 [INFO]   [API ERROR] 第3次尝试失败: RemoteDisconnected: Remote end closed connection without response
01:49:07 [DEBUG] https://hq.sinajs.cn:443 "GET /list=sh515070 HTTP/1.1" 200 193
01:49:07 [INFO]     [7/56] 515070 人工智能ETF华夏 - OK (250d)
01:49:09 [INFO]   [API ERROR] 第1次尝试失败: RemoteDisconnected: Remote end closed connection without response
01:49:10 [INFO]   [API ERROR] 第2次尝试失败: RemoteDisconnected: Remote end closed connection without response
01:49:12 [INFO]   [API ERROR] 第3次尝试失败: RemoteDisconnected: Remote end closed connection without response
01:49:12 [DEBUG] https://web.ifzq.gtimg.cn:443 "GET /appstock/app/fqkline/get?param=sh512670,day,,,250,qfq HTTP/1.1" 200 None
01:49:12 [INFO]   [API ERROR] 第1次尝试失败: RemoteDisconnected: Remote end closed connection without response
01:49:13 [INFO]   [API ERROR] 第2次尝试失败: RemoteDisconnected: Remote end closed connection without response
01:49:15 [INFO]   [API ERROR] 第3次尝试失败: RemoteDisconnected: Remote end closed connection without response
01:49:15 [DEBUG] https://hq.sinajs.cn:443 "GET /list=sh512670 HTTP/1.1" 200 189
01:49:15 [INFO]     [8/56] 512670 国防ETF - OK (250d)
01:49:16 [INFO]   [API ERROR] 第1次尝试失败: RemoteDisconnected: Remote end closed connection without response
01:49:18 [INFO]   [API ERROR] 第2次尝试失败: RemoteDisconnected: Remote end closed connection without response
01:49:19 [INFO]   [API ERROR] 第3次尝试失败: RemoteDisconnected: Remote end closed connection without response
01:49:19 [DEBUG] https://web.ifzq.gtimg.cn:443 "GET /appstock/app/fqkline/get?param=sh516160,day,,,250,qfq HTTP/1.1" 200 None
01:49:19 [INFO]   [API ERROR] 第1次尝试失败: RemoteDisconnected: Remote end closed connection without response
01:49:21 [INFO]   [API ERROR] 第2次尝试失败: RemoteDisconnected: Remote end closed connection without response
01:49:22 [INFO]   [API ERROR] 第3次尝试失败: RemoteDisconnected: Remote end closed connection without response
01:49:22 [DEBUG] https://hq.sinajs.cn:443 "GET /list=sh516160 HTTP/1.1" 200 186
01:49:22 [INFO]     [9/56] 516160 新能源ETF - OK (250d)
01:49:23 [INFO]   [API ERROR] 第1次尝试失败: RemoteDisconnected: Remote end closed connection without response
01:49:25 [INFO]   [API ERROR] 第2次尝试失败: RemoteDisconnected: Remote end closed connection without response
01:49:26 [INFO]   [API ERROR] 第3次尝试失败: RemoteDisconnected: Remote end closed connection without response
01:49:26 [DEBUG] https://web.ifzq.gtimg.cn:443 "GET /appstock/app/fqkline/get?param=sh560390,day,,,250,qfq HTTP/1.1" 200 None
01:49:26 [INFO]   [API ERROR] 第1次尝试失败: RemoteDisconnected: Remote end closed connection without response
01:49:28 [INFO]   [API ERROR] 第2次尝试失败: RemoteDisconnected: Remote end closed connection without response
01:49:29 [INFO]   [API ERROR] 第3次尝试失败: RemoteDisconnected: Remote end closed connection without response
01:49:29 [DEBUG] https://hq.sinajs.cn:443 "GET /list=sh560390 HTTP/1.1" 200 199
01:49:29 [INFO]     [10/56] 560390 电网设备ETF易方达 - OK (98d)
01:49:30 [INFO]   [API ERROR] 第1次尝试失败: RemoteDisconnected: Remote end closed connection without response
01:49:32 [INFO]   [API ERROR] 第2次尝试失败: RemoteDisconnected: Remote end closed connection without response
01:49:33 [INFO]   [API ERROR] 第3次尝试失败: RemoteDisconnected: Remote end closed connection without response
01:49:33 [DEBUG] https://web.ifzq.gtimg.cn:443 "GET /appstock/app/fqkline/get?param=sz159326,day,,,250,qfq HTTP/1.1" 200 None
01:49:33 [INFO]   [API ERROR] 第1次尝试失败: RemoteDisconnected: Remote end closed connection without response
01:49:35 [INFO]   [API ERROR] 第2次尝试失败: RemoteDisconnected: Remote end closed connection without response
01:49:36 [INFO]   [API ERROR] 第3次尝试失败: RemoteDisconnected: Remote end closed connection without response
01:49:36 [DEBUG] https://hq.sinajs.cn:443 "GET /list=sz159326 HTTP/1.1" 200 187
01:49:36 [INFO]     [11/56] 159326 电网设备ETF华夏 - OK (250d)
01:49:37 [INFO]   [API ERROR] 第1次尝试失败: RemoteDisconnected: Remote end closed connection without response
01:49:39 [INFO]   [API ERROR] 第2次尝试失败: RemoteDisconnected: Remote end closed connection without response
01:49:40 [INFO]   [API ERROR] 第3次尝试失败: RemoteDisconnected: Remote end closed connection without response
01:49:40 [DEBUG] https://web.ifzq.gtimg.cn:443 "GET /appstock/app/fqkline/get?param=sh512170,day,,,250,qfq HTTP/1.1" 200 None
01:49:40 [INFO]   [API ERROR] 第1次尝试失败: RemoteDisconnected: Remote end closed connection without response
01:49:42 [INFO]   [API ERROR] 第2次尝试失败: RemoteDisconnected: Remote end closed connection without response
01:49:43 [INFO]   [API ERROR] 第3次尝试失败: RemoteDisconnected: Remote end closed connection without response
01:49:43 [DEBUG] https://hq.sinajs.cn:443 "GET /list=sh512170 HTTP/1.1" 200 194
01:49:43 [INFO]     [12/56] 512170 医疗ETF - OK (250d)
01:49:44 [INFO]   [API ERROR] 第1次尝试失败: RemoteDisconnected: Remote end closed connection without response
01:49:46 [INFO]   [API ERROR] 第2次尝试失败: RemoteDisconnected: Remote end closed connection without response
01:49:47 [INFO]   [API ERROR] 第3次尝试失败: RemoteDisconnected: Remote end closed connection without response
01:49:47 [DEBUG] https://web.ifzq.gtimg.cn:443 "GET /appstock/app/fqkline/get?param=sh588200,day,,,250,qfq HTTP/1.1" 200 None
01:49:47 [INFO]   [API ERROR] 第1次尝试失败: RemoteDisconnected: Remote end closed connection without response
01:49:49 [INFO]   [API ERROR] 第2次尝试失败: RemoteDisconnected: Remote end closed connection without response
01:49:50 [INFO]   [API ERROR] 第3次尝试失败: RemoteDisconnected: Remote end closed connection without response
01:49:50 [DEBUG] https://hq.sinajs.cn:443 "GET /list=sh588200 HTTP/1.1" 200 203
01:49:50 [INFO]     [13/56] 588200 科创芯片ETF - OK (250d)
01:49:51 [INFO]   [API ERROR] 第1次尝试失败: RemoteDisconnected: Remote end closed connection without response
01:49:53 [INFO]   [API ERROR] 第2次尝试失败: RemoteDisconnected: Remote end closed connection without response
01:49:54 [INFO]   [API ERROR] 第3次尝试失败: RemoteDisconnected: Remote end closed connection without response
01:49:54 [DEBUG] https://web.ifzq.gtimg.cn:443 "GET /appstock/app/fqkline/get?param=sz159995,day,,,250,qfq HTTP/1.1" 200 None
01:49:54 [INFO]   [API ERROR] 第1次尝试失败: RemoteDisconnected: Remote end closed connection without response
01:49:55 [INFO]   [API ERROR] 第2次尝试失败: RemoteDisconnected: Remote end closed connection without response
01:49:57 [INFO]   [API ERROR] 第3次尝试失败: RemoteDisconnected: Remote end closed connection without response
01:49:57 [DEBUG] https://hq.sinajs.cn:443 "GET /list=sz159995 HTTP/1.1" 200 182
01:49:57 [INFO]     [14/56] 159995 芯片ETF华夏 - OK (250d)
01:49:58 [INFO]   [API ERROR] 第1次尝试失败: RemoteDisconnected: Remote end closed connection without response
01:49:59 [INFO]   [API ERROR] 第2次尝试失败: RemoteDisconnected: Remote end closed connection without response
01:50:01 [INFO]   [API ERROR] 第3次尝试失败: RemoteDisconnected: Remote end closed connection without response
01:50:01 [DEBUG] https://web.ifzq.gtimg.cn:443 "GET /appstock/app/fqkline/get?param=sh512760,day,,,250,qfq HTTP/1.1" 200 None
01:50:01 [INFO]   [API ERROR] 第1次尝试失败: RemoteDisconnected: Remote end closed connection without response
01:50:02 [INFO]   [API ERROR] 第2次尝试失败: RemoteDisconnected: Remote end closed connection without response
01:50:04 [INFO]   [API ERROR] 第3次尝试失败: RemoteDisconnected: Remote end closed connection without response
01:50:04 [DEBUG] https://hq.sinajs.cn:443 "GET /list=sh512760 HTTP/1.1" 200 188
01:50:04 [INFO]     [15/56] 512760 芯片ETF国泰 - OK (250d)
01:50:05 [INFO]   [API ERROR] 第1次尝试失败: RemoteDisconnected: Remote end closed connection without response
01:50:06 [INFO]   [API ERROR] 第2次尝试失败: RemoteDisconnected: Remote end closed connection without response
01:50:08 [INFO]   [API ERROR] 第3次尝试失败: RemoteDisconnected: Remote end closed connection without response
01:50:08 [DEBUG] https://web.ifzq.gtimg.cn:443 "GET /appstock/app/fqkline/get?param=sz159857,day,,,250,qfq HTTP/1.1" 200 None
01:50:08 [INFO]   [API ERROR] 第1次尝试失败: RemoteDisconnected: Remote end closed connection without response
01:50:09 [INFO]   [API ERROR] 第2次尝试失败: RemoteDisconnected: Remote end closed connection without response
01:50:11 [INFO]   [API ERROR] 第3次尝试失败: RemoteDisconnected: Remote end closed connection without response
01:50:11 [DEBUG] https://hq.sinajs.cn:443 "GET /list=sz159857 HTTP/1.1" 200 178
01:50:11 [INFO]     [16/56] 159857 光伏ETF广发 - OK (250d)
01:50:12 [INFO]   [API ERROR] 第1次尝试失败: RemoteDisconnected: Remote end closed connection without response
01:50:13 [INFO]   [API ERROR] 第2次尝试失败: RemoteDisconnected: Remote end closed connection without response
01:50:15 [INFO]   [API ERROR] 第3次尝试失败: RemoteDisconnected: Remote end closed connection without response
01:50:15 [DEBUG] https://web.ifzq.gtimg.cn:443 "GET /appstock/app/fqkline/get?param=sh512800,day,,,250,qfq HTTP/1.1" 200 None
01:50:15 [INFO]   [API ERROR] 第1次尝试失败: RemoteDisconnected: Remote end closed connection without response
01:50:16 [INFO]   [API ERROR] 第2次尝试失败: RemoteDisconnected: Remote end closed connection without response
01:50:18 [INFO]   [API ERROR] 第3次尝试失败: RemoteDisconnected: Remote end closed connection without response
01:50:18 [DEBUG] https://hq.sinajs.cn:443 "GET /list=sh512800 HTTP/1.1" 200 189
01:50:18 [INFO]     [17/56] 512800 银行ETF - OK (250d)
01:50:19 [INFO]   [API ERROR] 第1次尝试失败: RemoteDisconnected: Remote end closed connection without response
01:50:20 [INFO]   [API ERROR] 第2次尝试失败: RemoteDisconnected: Remote end closed connection without response
01:50:22 [INFO]   [API ERROR] 第3次尝试失败: RemoteDisconnected: Remote end closed connection without response
01:50:22 [DEBUG] https://web.ifzq.gtimg.cn:443 "GET /appstock/app/fqkline/get?param=sh512100,day,,,250,qfq HTTP/1.1" 200 None
01:50:22 [INFO]   [API ERROR] 第1次尝试失败: RemoteDisconnected: Remote end closed connection without response
01:50:23 [INFO]   [API ERROR] 第2次尝试失败: RemoteDisconnected: Remote end closed connection without response
01:50:25 [INFO]   [API ERROR] 第3次尝试失败: RemoteDisconnected: Remote end closed connection without response
01:50:25 [DEBUG] https://hq.sinajs.cn:443 "GET /list=sh512100 HTTP/1.1" 200 196
01:50:25 [INFO]     [18/56] 512100 中证1000ETF - OK (250d)
01:50:26 [INFO]   [API ERROR] 第1次尝试失败: RemoteDisconnected: Remote end closed connection without response
01:50:27 [INFO]   [API ERROR] 第2次尝试失败: RemoteDisconnected: Remote end closed connection without response
01:50:29 [INFO]   [API ERROR] 第3次尝试失败: RemoteDisconnected: Remote end closed connection without response
01:50:29 [DEBUG] https://web.ifzq.gtimg.cn:443 "GET /appstock/app/fqkline/get?param=sz159992,day,,,250,qfq HTTP/1.1" 200 None
01:50:29 [INFO]   [API ERROR] 第1次尝试失败: RemoteDisconnected: Remote end closed connection without response
01:50:30 [INFO]   [API ERROR] 第2次尝试失败: RemoteDisconnected: Remote end closed connection without response
01:50:32 [INFO]     [19/56] 159992 创新药ETF - OK (250d)
01:50:34 [INFO]     [20/56] 159647 中药ETF - OK (250d)
01:50:35 [INFO]   [API ERROR] 第1次尝试失败: RemoteDisconnected: Remote end closed connection without response
01:50:36 [INFO]   [API ERROR] 第2次尝试失败: RemoteDisconnected: Remote end closed connection without response
01:50:38 [INFO]   [API ERROR] 第3次尝试失败: RemoteDisconnected: Remote end closed connection without response
01:50:38 [DEBUG] https://web.ifzq.gtimg.cn:443 "GET /appstock/app/fqkline/get?param=sh562500,day,,,250,qfq HTTP/1.1" 200 None
01:50:38 [INFO]   [API ERROR] 第1次尝试失败: RemoteDisconnected: Remote end closed connection without response
01:50:39 [INFO]   [API ERROR] 第2次尝试失败: RemoteDisconnected: Remote end closed connection without response
01:50:41 [INFO]   [API ERROR] 第3次尝试失败: RemoteDisconnected: Remote end closed connection without response
01:50:41 [DEBUG] https://hq.sinajs.cn:443 "GET /list=sh562500 HTTP/1.1" 200 196
01:50:41 [INFO]     [21/56] 562500 机器人ETF华夏 - OK (250d)
01:50:42 [INFO]   [API ERROR] 第1次尝试失败: RemoteDisconnected: Remote end closed connection without response
01:50:43 [INFO]   [API ERROR] 第2次尝试失败: RemoteDisconnected: Remote end closed connection without response
01:50:45 [INFO]   [API ERROR] 第3次尝试失败: RemoteDisconnected: Remote end closed connection without response
01:50:45 [DEBUG] https://web.ifzq.gtimg.cn:443 "GET /appstock/app/fqkline/get?param=sh560800,day,,,250,qfq HTTP/1.1" 200 None
01:50:45 [INFO]   [API ERROR] 第1次尝试失败: RemoteDisconnected: Remote end closed connection without response
01:50:46 [INFO]   [API ERROR] 第2次尝试失败: RemoteDisconnected: Remote end closed connection without response
01:50:47 [INFO]   [API ERROR] 第3次尝试失败: RemoteDisconnected: Remote end closed connection without response
01:50:48 [DEBUG] https://hq.sinajs.cn:443 "GET /list=sh560800 HTTP/1.1" 200 179
01:50:48 [INFO]     [22/56] 560800 数字经济ETF - OK (250d)
01:50:49 [INFO]   [API ERROR] 第1次尝试失败: RemoteDisconnected: Remote end closed connection without response
01:50:50 [INFO]   [API ERROR] 第2次尝试失败: RemoteDisconnected: Remote end closed connection without response
01:50:52 [INFO]   [API ERROR] 第3次尝试失败: RemoteDisconnected: Remote end closed connection without response
01:50:52 [DEBUG] https://web.ifzq.gtimg.cn:443 "GET /appstock/app/fqkline/get?param=sh513050,day,,,250,qfq HTTP/1.1" 200 None
01:50:52 [INFO]   [API ERROR] 第1次尝试失败: RemoteDisconnected: Remote end closed connection without response
01:50:53 [INFO]   [API ERROR] 第2次尝试失败: RemoteDisconnected: Remote end closed connection without response
01:50:54 [INFO]   [API ERROR] 第3次尝试失败: RemoteDisconnected: Remote end closed connection without response
01:50:54 [DEBUG] https://hq.sinajs.cn:443 "GET /list=sh513050 HTTP/1.1" 200 214
01:50:54 [INFO]     [23/56] 513050 中概互联ETF - OK (250d)
01:50:56 [INFO]   [API ERROR] 第1次尝试失败: RemoteDisconnected: Remote end closed connection without response
01:50:57 [INFO]   [API ERROR] 第2次尝试失败: RemoteDisconnected: Remote end closed connection without response
01:50:58 [INFO]   [API ERROR] 第3次尝试失败: RemoteDisconnected: Remote end closed connection without response
01:50:58 [DEBUG] https://web.ifzq.gtimg.cn:443 "GET /appstock/app/fqkline/get?param=sh515220,day,,,250,qfq HTTP/1.1" 200 None
01:50:59 [INFO]   [API ERROR] 第1次尝试失败: RemoteDisconnected: Remote end closed connection without response
01:51:00 [INFO]   [API ERROR] 第2次尝试失败: RemoteDisconnected: Remote end closed connection without response
01:51:01 [INFO]   [API ERROR] 第3次尝试失败: RemoteDisconnected: Remote end closed connection without response
01:51:01 [DEBUG] https://hq.sinajs.cn:443 "GET /list=sh515220 HTTP/1.1" 200 189
01:51:01 [INFO]     [24/56] 515220 煤炭ETF - OK (250d)
01:51:03 [INFO]   [API ERROR] 第1次尝试失败: RemoteDisconnected: Remote end closed connection without response
01:51:04 [INFO]   [API ERROR] 第2次尝试失败: RemoteDisconnected: Remote end closed connection without response
01:51:05 [INFO]   [API ERROR] 第3次尝试失败: RemoteDisconnected: Remote end closed connection without response
01:51:05 [DEBUG] https://web.ifzq.gtimg.cn:443 "GET /appstock/app/fqkline/get?param=sz159659,day,,,250,qfq HTTP/1.1" 200 None
01:51:06 [INFO]   [API ERROR] 第1次尝试失败: RemoteDisconnected: Remote end closed connection without response
01:51:07 [INFO]   [API ERROR] 第2次尝试失败: RemoteDisconnected: Remote end closed connection without response
01:51:08 [INFO]   [API ERROR] 第3次尝试失败: RemoteDisconnected: Remote end closed connection without response
01:51:08 [DEBUG] https://hq.sinajs.cn:443 "GET /list=sz159659 HTTP/1.1" 200 176
01:51:08 [INFO]     [25/56] 159659 纳斯达克100ETF招商 - OK (250d)
01:51:10 [INFO]   [API ERROR] 第1次尝试失败: RemoteDisconnected: Remote end closed connection without response
01:51:11 [INFO]   [API ERROR] 第2次尝试失败: RemoteDisconnected: Remote end closed connection without response
01:51:12 [INFO]   [API ERROR] 第3次尝试失败: RemoteDisconnected: Remote end closed connection without response
01:51:12 [DEBUG] https://web.ifzq.gtimg.cn:443 "GET /appstock/app/fqkline/get?param=sh510880,day,,,250,qfq HTTP/1.1" 200 None
01:51:13 [INFO]   [API ERROR] 第1次尝试失败: RemoteDisconnected: Remote end closed connection without response
01:51:14 [INFO]   [API ERROR] 第2次尝试失败: RemoteDisconnected: Remote end closed connection without response
01:51:15 [INFO]   [API ERROR] 第3次尝试失败: RemoteDisconnected: Remote end closed connection without response
01:51:15 [DEBUG] https://hq.sinajs.cn:443 "GET /list=sh510880 HTTP/1.1" 200 191
01:51:15 [INFO]     [26/56] 510880 红利ETF - OK (250d)
01:51:17 [INFO]   [API ERROR] 第1次尝试失败: RemoteDisconnected: Remote end closed connection without response
01:51:18 [INFO]   [API ERROR] 第2次尝试失败: RemoteDisconnected: Remote end closed connection without response
01:51:19 [INFO]   [API ERROR] 第3次尝试失败: RemoteDisconnected: Remote end closed connection without response
01:51:19 [DEBUG] https://web.ifzq.gtimg.cn:443 "GET /appstock/app/fqkline/get?param=sz159915,day,,,250,qfq HTTP/1.1" 200 None
01:51:19 [INFO]   [API ERROR] 第1次尝试失败: RemoteDisconnected: Remote end closed connection without response
01:51:21 [INFO]   [API ERROR] 第2次尝试失败: RemoteDisconnected: Remote end closed connection without response
01:51:22 [INFO]   [API ERROR] 第3次尝试失败: RemoteDisconnected: Remote end closed connection without response
01:51:22 [DEBUG] https://hq.sinajs.cn:443 "GET /list=sz159915 HTTP/1.1" 200 185
01:51:22 [INFO]     [27/56] 159915 创业板ETF - OK (250d)
01:51:24 [INFO]   [API ERROR] 第1次尝试失败: RemoteDisconnected: Remote end closed connection without response
01:51:25 [INFO]   [API ERROR] 第2次尝试失败: RemoteDisconnected: Remote end closed connection without response
01:51:26 [INFO]   [API ERROR] 第3次尝试失败: RemoteDisconnected: Remote end closed connection without response
01:51:26 [DEBUG] https://web.ifzq.gtimg.cn:443 "GET /appstock/app/fqkline/get?param=sz159183,day,,,250,qfq HTTP/1.1" 200 None
01:51:26 [INFO]   [API ERROR] 第1次尝试失败: RemoteDisconnected: Remote end closed connection without response
01:51:28 [INFO]   [API ERROR] 第2次尝试失败: RemoteDisconnected: Remote end closed connection without response
01:51:29 [INFO]   [API ERROR] 第3次尝试失败: RemoteDisconnected: Remote end closed connection without response
01:51:29 [DEBUG] https://hq.sinajs.cn:443 "GET /list=sz159183 HTTP/1.1" 200 163
01:51:29 [INFO]     [28/56] 159183 新能源车ETF招商 - OK (84d)
01:51:31 [INFO]   [API ERROR] 第1次尝试失败: RemoteDisconnected: Remote end closed connection without response
01:51:32 [INFO]   [API ERROR] 第2次尝试失败: RemoteDisconnected: Remote end closed connection without response
01:51:33 [INFO]   [API ERROR] 第3次尝试失败: RemoteDisconnected: Remote end closed connection without response
01:51:33 [DEBUG] https://web.ifzq.gtimg.cn:443 "GET /appstock/app/fqkline/get?param=sz159869,day,,,250,qfq HTTP/1.1" 200 None
01:51:33 [INFO]   [API ERROR] 第1次尝试失败: RemoteDisconnected: Remote end closed connection without response
01:51:35 [INFO]   [API ERROR] 第2次尝试失败: RemoteDisconnected: Remote end closed connection without response
01:51:36 [INFO]   [API ERROR] 第3次尝试失败: RemoteDisconnected: Remote end closed connection without response
01:51:36 [DEBUG] https://hq.sinajs.cn:443 "GET /list=sz159869 HTTP/1.1" 200 184
01:51:36 [INFO]     [29/56] 159869 游戏ETF - OK (250d)
01:51:37 [INFO]   [API ERROR] 第1次尝试失败: RemoteDisconnected: Remote end closed connection without response
01:51:39 [INFO]   [API ERROR] 第2次尝试失败: RemoteDisconnected: Remote end closed connection without response
01:51:40 [INFO]   [API ERROR] 第3次尝试失败: RemoteDisconnected: Remote end closed connection without response
01:51:40 [DEBUG] https://web.ifzq.gtimg.cn:443 "GET /appstock/app/fqkline/get?param=sz159320,day,,,250,qfq HTTP/1.1" 200 None
01:51:40 [INFO]   [API ERROR] 第1次尝试失败: RemoteDisconnected: Remote end closed connection without response
01:51:42 [INFO]   [API ERROR] 第2次尝试失败: RemoteDisconnected: Remote end closed connection without response
01:51:43 [INFO]   [API ERROR] 第3次尝试失败: RemoteDisconnected: Remote end closed connection without response
01:51:43 [DEBUG] https://hq.sinajs.cn:443 "GET /list=sz159320 HTTP/1.1" 200 178
01:51:43 [INFO]     [30/56] 159320 电网设备ETF广发 - OK (250d)
01:51:44 [INFO]   [API ERROR] 第1次尝试失败: RemoteDisconnected: Remote end closed connection without response
01:51:46 [INFO]   [API ERROR] 第2次尝试失败: RemoteDisconnected: Remote end closed connection without response
01:51:47 [INFO]   [API ERROR] 第3次尝试失败: RemoteDisconnected: Remote end closed connection without response
01:51:47 [DEBUG] https://web.ifzq.gtimg.cn:443 "GET /appstock/app/fqkline/get?param=sh512690,day,,,250,qfq HTTP/1.1" 200 None
01:51:47 [INFO]   [API ERROR] 第1次尝试失败: RemoteDisconnected: Remote end closed connection without response
01:51:49 [INFO]   [API ERROR] 第2次尝试失败: RemoteDisconnected: Remote end closed connection without response
01:51:50 [INFO]   [API ERROR] 第3次尝试失败: RemoteDisconnected: Remote end closed connection without response
01:51:50 [DEBUG] https://hq.sinajs.cn:443 "GET /list=sh512690 HTTP/1.1" 200 190
01:51:50 [INFO]     [31/56] 512690 酒ETF - OK (250d)
01:51:51 [INFO]   [API ERROR] 第1次尝试失败: RemoteDisconnected: Remote end closed connection without response
01:51:53 [INFO]   [API ERROR] 第2次尝试失败: RemoteDisconnected: Remote end closed connection without response
01:51:54 [INFO]   [API ERROR] 第3次尝试失败: RemoteDisconnected: Remote end closed connection without response
01:51:54 [DEBUG] https://web.ifzq.gtimg.cn:443 "GET /appstock/app/fqkline/get?param=sh516780,day,,,250,qfq HTTP/1.1" 200 None
01:51:54 [INFO]   [API ERROR] 第1次尝试失败: RemoteDisconnected: Remote end closed connection without response
01:51:56 [INFO]   [API ERROR] 第2次尝试失败: RemoteDisconnected: Remote end closed connection without response
01:51:57 [INFO]   [API ERROR] 第3次尝试失败: RemoteDisconnected: Remote end closed connection without response
01:51:57 [DEBUG] https://hq.sinajs.cn:443 "GET /list=sh516780 HTTP/1.1" 200 194
01:51:57 [INFO]     [32/56] 516780 稀土ETF - OK (250d)
01:51:58 [INFO]   [API ERROR] 第1次尝试失败: RemoteDisconnected: Remote end closed connection without response
01:52:00 [INFO]   [API ERROR] 第2次尝试失败: RemoteDisconnected: Remote end closed connection without response
01:52:01 [INFO]   [API ERROR] 第3次尝试失败: RemoteDisconnected: Remote end closed connection without response
01:52:01 [DEBUG] https://web.ifzq.gtimg.cn:443 "GET /appstock/app/fqkline/get?param=sz159996,day,,,250,qfq HTTP/1.1" 200 None
01:52:01 [INFO]   [API ERROR] 第1次尝试失败: RemoteDisconnected: Remote end closed connection without response
01:52:03 [INFO]   [API ERROR] 第2次尝试失败: RemoteDisconnected: Remote end closed connection without response
01:52:04 [INFO]   [API ERROR] 第3次尝试失败: RemoteDisconnected: Remote end closed connection without response
01:52:04 [DEBUG] https://hq.sinajs.cn:443 "GET /list=sz159996 HTTP/1.1" 200 168
01:52:04 [INFO]     [33/56] 159996 家电ETF - OK (250d)
01:52:05 [INFO]   [API ERROR] 第1次尝试失败: RemoteDisconnected: Remote end closed connection without response
01:52:07 [INFO]   [API ERROR] 第2次尝试失败: RemoteDisconnected: Remote end closed connection without response
01:52:08 [INFO]   [API ERROR] 第3次尝试失败: RemoteDisconnected: Remote end closed connection without response
01:52:08 [DEBUG] https://web.ifzq.gtimg.cn:443 "GET /appstock/app/fqkline/get?param=sh512880,day,,,250,qfq HTTP/1.1" 200 None
01:52:08 [INFO]   [API ERROR] 第1次尝试失败: RemoteDisconnected: Remote end closed connection without response
01:52:10 [INFO]   [API ERROR] 第2次尝试失败: RemoteDisconnected: Remote end closed connection without response
01:52:11 [INFO]   [API ERROR] 第3次尝试失败: RemoteDisconnected: Remote end closed connection without response
01:52:11 [DEBUG] https://hq.sinajs.cn:443 "GET /list=sh512880 HTTP/1.1" 200 196
01:52:11 [INFO]     [34/56] 512880 证券ETF - OK (250d)
01:52:12 [INFO]   [API ERROR] 第1次尝试失败: RemoteDisconnected: Remote end closed connection without response
01:52:14 [INFO]   [API ERROR] 第2次尝试失败: RemoteDisconnected: Remote end closed connection without response
01:52:15 [INFO]   [API ERROR] 第3次尝试失败: RemoteDisconnected: Remote end closed connection without response
01:52:15 [DEBUG] https://web.ifzq.gtimg.cn:443 "GET /appstock/app/fqkline/get?param=sz159516,day,,,250,qfq HTTP/1.1" 200 None
01:52:15 [INFO]   [API ERROR] 第1次尝试失败: RemoteDisconnected: Remote end closed connection without response
01:52:17 [INFO]   [API ERROR] 第2次尝试失败: RemoteDisconnected: Remote end closed connection without response
01:52:18 [INFO]   [API ERROR] 第3次尝试失败: RemoteDisconnected: Remote end closed connection without response
01:52:18 [DEBUG] https://hq.sinajs.cn:443 "GET /list=sz159516 HTTP/1.1" 200 194
01:52:18 [INFO]     [35/56] 159516 半导体设备ETF - OK (250d)
01:52:19 [INFO]   [API ERROR] 第1次尝试失败: RemoteDisconnected: Remote end closed connection without response
01:52:21 [INFO]   [API ERROR] 第2次尝试失败: RemoteDisconnected: Remote end closed connection without response
01:52:22 [INFO]   [API ERROR] 第3次尝试失败: RemoteDisconnected: Remote end closed connection without response
01:52:22 [DEBUG] https://web.ifzq.gtimg.cn:443 "GET /appstock/app/fqkline/get?param=sh513520,day,,,250,qfq HTTP/1.1" 200 None
01:52:22 [INFO]   [API ERROR] 第1次尝试失败: RemoteDisconnected: Remote end closed connection without response
01:52:24 [INFO]   [API ERROR] 第2次尝试失败: RemoteDisconnected: Remote end closed connection without response
01:52:25 [INFO]   [API ERROR] 第3次尝试失败: RemoteDisconnected: Remote end closed connection without response
01:52:25 [DEBUG] https://hq.sinajs.cn:443 "GET /list=sh513520 HTTP/1.1" 200 190
01:52:25 [INFO]     [36/56] 513520 日经ETF - OK (250d)
01:52:26 [INFO]   [API ERROR] 第1次尝试失败: RemoteDisconnected: Remote end closed connection without response
01:52:28 [INFO]   [API ERROR] 第2次尝试失败: RemoteDisconnected: Remote end closed connection without response
01:52:29 [INFO]   [API ERROR] 第3次尝试失败: RemoteDisconnected: Remote end closed connection without response
01:52:29 [DEBUG] https://web.ifzq.gtimg.cn:443 "GET /appstock/app/fqkline/get?param=sz159845,day,,,250,qfq HTTP/1.1" 200 None
01:52:29 [INFO]   [API ERROR] 第1次尝试失败: RemoteDisconnected: Remote end closed connection without response
01:52:31 [INFO]   [API ERROR] 第2次尝试失败: RemoteDisconnected: Remote end closed connection without response
01:52:32 [INFO]   [API ERROR] 第3次尝试失败: RemoteDisconnected: Remote end closed connection without response
01:52:32 [DEBUG] https://hq.sinajs.cn:443 "GET /list=sz159845 HTTP/1.1" 200 171
01:52:32 [INFO]     [37/56] 159845 中证1000ETF华夏 - OK (250d)
01:52:33 [INFO]   [API ERROR] 第1次尝试失败: RemoteDisconnected: Remote end closed connection without response
01:52:35 [INFO]   [API ERROR] 第2次尝试失败: RemoteDisconnected: Remote end closed connection without response
01:52:36 [INFO]   [API ERROR] 第3次尝试失败: RemoteDisconnected: Remote end closed connection without response
01:52:36 [DEBUG] https://web.ifzq.gtimg.cn:443 "GET /appstock/app/fqkline/get?param=sh515880,day,,,250,qfq HTTP/1.1" 200 None
01:52:36 [INFO]   [API ERROR] 第1次尝试失败: RemoteDisconnected: Remote end closed connection without response
01:52:38 [INFO]   [API ERROR] 第2次尝试失败: RemoteDisconnected: Remote end closed connection without response
01:52:39 [INFO]   [API ERROR] 第3次尝试失败: RemoteDisconnected: Remote end closed connection without response
01:52:39 [DEBUG] https://hq.sinajs.cn:443 "GET /list=sh515880 HTTP/1.1" 200 200
01:52:39 [INFO]     [38/56] 515880 通信ETF - OK (250d)
01:52:40 [INFO]   [API ERROR] 第1次尝试失败: RemoteDisconnected: Remote end closed connection without response
01:52:42 [INFO]   [API ERROR] 第2次尝试失败: RemoteDisconnected: Remote end closed connection without response
01:52:43 [INFO]   [API ERROR] 第3次尝试失败: RemoteDisconnected: Remote end closed connection without response
01:52:43 [DEBUG] https://web.ifzq.gtimg.cn:443 "GET /appstock/app/fqkline/get?param=sh513130,day,,,250,qfq HTTP/1.1" 200 None
01:52:43 [INFO]   [API ERROR] 第1次尝试失败: RemoteDisconnected: Remote end closed connection without response
01:52:45 [INFO]   [API ERROR] 第2次尝试失败: RemoteDisconnected: Remote end closed connection without response
01:52:46 [INFO]   [API ERROR] 第3次尝试失败: RemoteDisconnected: Remote end closed connection without response
01:52:46 [DEBUG] https://hq.sinajs.cn:443 "GET /list=sh513130 HTTP/1.1" 200 214
01:52:46 [INFO]     [39/56] 513130 恒生互联网ETF - OK (250d)
01:52:47 [INFO]   [API ERROR] 第1次尝试失败: RemoteDisconnected: Remote end closed connection without response
01:52:49 [INFO]   [API ERROR] 第2次尝试失败: RemoteDisconnected: Remote end closed connection without response
01:52:50 [INFO]   [API ERROR] 第3次尝试失败: RemoteDisconnected: Remote end closed connection without response
01:52:50 [DEBUG] https://web.ifzq.gtimg.cn:443 "GET /appstock/app/fqkline/get?param=sh516950,day,,,250,qfq HTTP/1.1" 200 None
01:52:50 [INFO]   [API ERROR] 第1次尝试失败: RemoteDisconnected: Remote end closed connection without response
01:52:52 [INFO]   [API ERROR] 第2次尝试失败: RemoteDisconnected: Remote end closed connection without response
01:52:53 [INFO]   [API ERROR] 第3次尝试失败: RemoteDisconnected: Remote end closed connection without response
01:52:53 [DEBUG] https://hq.sinajs.cn:443 "GET /list=sh516950 HTTP/1.1" 200 175
01:52:53 [INFO]     [40/56] 516950 基建ETF - OK (250d)
01:52:54 [INFO]   [API ERROR] 第1次尝试失败: RemoteDisconnected: Remote end closed connection without response
01:52:56 [INFO]   [API ERROR] 第2次尝试失败: RemoteDisconnected: Remote end closed connection without response
01:52:57 [INFO]   [API ERROR] 第3次尝试失败: RemoteDisconnected: Remote end closed connection without response
01:52:57 [DEBUG] https://web.ifzq.gtimg.cn:443 "GET /appstock/app/fqkline/get?param=sh588050,day,,,250,qfq HTTP/1.1" 200 None
01:52:57 [INFO]   [API ERROR] 第1次尝试失败: RemoteDisconnected: Remote end closed connection without response
01:52:59 [INFO]   [API ERROR] 第2次尝试失败: RemoteDisconnected: Remote end closed connection without response
01:53:00 [INFO]   [API ERROR] 第3次尝试失败: RemoteDisconnected: Remote end closed connection without response
01:53:00 [DEBUG] https://hq.sinajs.cn:443 "GET /list=sh588050 HTTP/1.1" 200 188
01:53:00 [INFO]     [41/56] 588050 科创50ETF易方达 - OK (250d)
01:53:01 [INFO]   [API ERROR] 第1次尝试失败: RemoteDisconnected: Remote end closed connection without response
01:53:03 [INFO]   [API ERROR] 第2次尝试失败: RemoteDisconnected: Remote end closed connection without response
01:53:04 [INFO]   [API ERROR] 第3次尝试失败: RemoteDisconnected: Remote end closed connection without response
01:53:04 [DEBUG] https://web.ifzq.gtimg.cn:443 "GET /appstock/app/fqkline/get?param=sz159732,day,,,250,qfq HTTP/1.1" 200 None
01:53:04 [INFO]   [API ERROR] 第1次尝试失败: RemoteDisconnected: Remote end closed connection without response
01:53:06 [INFO]   [API ERROR] 第2次尝试失败: RemoteDisconnected: Remote end closed connection without response
01:53:07 [INFO]   [API ERROR] 第3次尝试失败: RemoteDisconnected: Remote end closed connection without response
01:53:07 [DEBUG] https://hq.sinajs.cn:443 "GET /list=sz159732 HTTP/1.1" 200 180
01:53:07 [INFO]     [42/56] 159732 消费电子ETF - OK (250d)
01:53:08 [INFO]   [API ERROR] 第1次尝试失败: RemoteDisconnected: Remote end closed connection without response
01:53:10 [INFO]   [API ERROR] 第2次尝试失败: RemoteDisconnected: Remote end closed connection without response
01:53:11 [INFO]   [API ERROR] 第3次尝试失败: RemoteDisconnected: Remote end closed connection without response
01:53:11 [DEBUG] https://web.ifzq.gtimg.cn:443 "GET /appstock/app/fqkline/get?param=sh512200,day,,,250,qfq HTTP/1.1" 200 None
01:53:11 [INFO]   [API ERROR] 第1次尝试失败: RemoteDisconnected: Remote end closed connection without response
01:53:13 [INFO]   [API ERROR] 第2次尝试失败: RemoteDisconnected: Remote end closed connection without response
01:53:14 [INFO]   [API ERROR] 第3次尝试失败: RemoteDisconnected: Remote end closed connection without response
01:53:14 [DEBUG] https://hq.sinajs.cn:443 "GET /list=sh512200 HTTP/1.1" 200 187
01:53:14 [INFO]     [43/56] 512200 房地产ETF - OK (250d)
01:53:15 [INFO]   [API ERROR] 第1次尝试失败: RemoteDisconnected: Remote end closed connection without response
01:53:17 [INFO]   [API ERROR] 第2次尝试失败: RemoteDisconnected: Remote end closed connection without response
01:53:18 [INFO]   [API ERROR] 第3次尝试失败: RemoteDisconnected: Remote end closed connection without response
01:53:18 [DEBUG] https://web.ifzq.gtimg.cn:443 "GET /appstock/app/fqkline/get?param=sz159928,day,,,250,qfq HTTP/1.1" 200 None
01:53:18 [INFO]   [API ERROR] 第1次尝试失败: RemoteDisconnected: Remote end closed connection without response
01:53:20 [INFO]   [API ERROR] 第2次尝试失败: RemoteDisconnected: Remote end closed connection without response
01:53:21 [INFO]   [API ERROR] 第3次尝试失败: RemoteDisconnected: Remote end closed connection without response
01:53:21 [DEBUG] https://hq.sinajs.cn:443 "GET /list=sz159928 HTTP/1.1" 200 179
01:53:21 [INFO]     [44/56] 159928 消费ETF - OK (250d)
01:53:22 [INFO]   [API ERROR] 第1次尝试失败: RemoteDisconnected: Remote end closed connection without response
01:53:24 [INFO]   [API ERROR] 第2次尝试失败: RemoteDisconnected: Remote end closed connection without response
01:53:25 [INFO]   [API ERROR] 第3次尝试失败: RemoteDisconnected: Remote end closed connection without response
01:53:25 [DEBUG] https://web.ifzq.gtimg.cn:443 "GET /appstock/app/fqkline/get?param=sh512400,day,,,250,qfq HTTP/1.1" 200 None
01:53:25 [INFO]   [API ERROR] 第1次尝试失败: RemoteDisconnected: Remote end closed connection without response
01:53:27 [INFO]   [API ERROR] 第2次尝试失败: RemoteDisconnected: Remote end closed connection without response
01:53:28 [INFO]   [API ERROR] 第3次尝试失败: RemoteDisconnected: Remote end closed connection without response
01:53:28 [DEBUG] https://hq.sinajs.cn:443 "GET /list=sh512400 HTTP/1.1" 200 198
01:53:28 [INFO]     [45/56] 512400 有色ETF - OK (250d)
01:53:29 [INFO]   [API ERROR] 第1次尝试失败: RemoteDisconnected: Remote end closed connection without response
01:53:31 [INFO]   [API ERROR] 第2次尝试失败: RemoteDisconnected: Remote end closed connection without response
01:53:32 [INFO]   [API ERROR] 第3次尝试失败: RemoteDisconnected: Remote end closed connection without response
01:53:32 [DEBUG] https://web.ifzq.gtimg.cn:443 "GET /appstock/app/fqkline/get?param=sh510500,day,,,250,qfq HTTP/1.1" 200 None
01:53:32 [INFO]   [API ERROR] 第1次尝试失败: RemoteDisconnected: Remote end closed connection without response
01:53:34 [INFO]   [API ERROR] 第2次尝试失败: RemoteDisconnected: Remote end closed connection without response
01:53:35 [INFO]   [API ERROR] 第3次尝试失败: RemoteDisconnected: Remote end closed connection without response
01:53:35 [DEBUG] https://hq.sinajs.cn:443 "GET /list=sh510500 HTTP/1.1" 200 185
01:53:35 [INFO]     [46/56] 510500 中证500ETF - OK (250d)
01:53:36 [INFO]   [API ERROR] 第1次尝试失败: RemoteDisconnected: Remote end closed connection without response
01:53:38 [INFO]   [API ERROR] 第2次尝试失败: RemoteDisconnected: Remote end closed connection without response
01:53:39 [INFO]   [API ERROR] 第3次尝试失败: RemoteDisconnected: Remote end closed connection without response
01:53:39 [DEBUG] https://web.ifzq.gtimg.cn:443 "GET /appstock/app/fqkline/get?param=sz159865,day,,,250,qfq HTTP/1.1" 200 None
01:53:40 [INFO]   [API ERROR] 第1次尝试失败: RemoteDisconnected: Remote end closed connection without response
01:53:41 [INFO]   [API ERROR] 第2次尝试失败: RemoteDisconnected: Remote end closed connection without response
01:53:42 [INFO]   [API ERROR] 第3次尝试失败: RemoteDisconnected: Remote end closed connection without response
01:53:42 [DEBUG] https://hq.sinajs.cn:443 "GET /list=sz159865 HTTP/1.1" 200 180
01:53:42 [INFO]     [47/56] 159865 养殖ETF - OK (250d)
01:53:44 [INFO]   [API ERROR] 第1次尝试失败: RemoteDisconnected: Remote end closed connection without response
01:53:45 [INFO]   [API ERROR] 第2次尝试失败: RemoteDisconnected: Remote end closed connection without response
01:53:46 [INFO]   [API ERROR] 第3次尝试失败: RemoteDisconnected: Remote end closed connection without response
01:53:46 [DEBUG] https://web.ifzq.gtimg.cn:443 "GET /appstock/app/fqkline/get?param=sh512890,day,,,250,qfq HTTP/1.1" 200 None
01:53:47 [INFO]   [API ERROR] 第1次尝试失败: RemoteDisconnected: Remote end closed connection without response
01:53:48 [INFO]   [API ERROR] 第2次尝试失败: RemoteDisconnected: Remote end closed connection without response
01:53:49 [INFO]   [API ERROR] 第3次尝试失败: RemoteDisconnected: Remote end closed connection without response
01:53:49 [DEBUG] https://hq.sinajs.cn:443 "GET /list=sh512890 HTTP/1.1" 200 204
01:53:49 [INFO]     [48/56] 512890 红利低波ETF - OK (250d)
01:53:51 [INFO]   [API ERROR] 第1次尝试失败: RemoteDisconnected: Remote end closed connection without response
01:53:52 [INFO]   [API ERROR] 第2次尝试失败: RemoteDisconnected: Remote end closed connection without response
01:53:53 [INFO]   [API ERROR] 第3次尝试失败: RemoteDisconnected: Remote end closed connection without response
01:53:53 [DEBUG] https://web.ifzq.gtimg.cn:443 "GET /appstock/app/fqkline/get?param=sz159227,day,,,250,qfq HTTP/1.1" 200 None
01:53:54 [INFO]   [API ERROR] 第1次尝试失败: RemoteDisconnected: Remote end closed connection without response
01:53:55 [INFO]   [API ERROR] 第2次尝试失败: RemoteDisconnected: Remote end closed connection without response
01:53:56 [INFO]   [API ERROR] 第3次尝试失败: RemoteDisconnected: Remote end closed connection without response
01:53:56 [DEBUG] https://hq.sinajs.cn:443 "GET /list=sz159227 HTTP/1.1" 200 183
01:53:56 [INFO]     [49/56] 159227 航空航天ETF华夏 - OK (250d)
01:53:58 [INFO]   [API ERROR] 第1次尝试失败: RemoteDisconnected: Remote end closed connection without response
01:53:59 [INFO]   [API ERROR] 第2次尝试失败: RemoteDisconnected: Remote end closed connection without response
01:54:00 [INFO]   [API ERROR] 第3次尝试失败: RemoteDisconnected: Remote end closed connection without response
01:54:00 [DEBUG] https://web.ifzq.gtimg.cn:443 "GET /appstock/app/fqkline/get?param=sz159819,day,,,250,qfq HTTP/1.1" 200 None
01:54:01 [INFO]   [API ERROR] 第1次尝试失败: RemoteDisconnected: Remote end closed connection without response
01:54:02 [INFO]   [API ERROR] 第2次尝试失败: RemoteDisconnected: Remote end closed connection without response
01:54:03 [INFO]   [API ERROR] 第3次尝试失败: RemoteDisconnected: Remote end closed connection without response
01:54:03 [DEBUG] https://hq.sinajs.cn:443 "GET /list=sz159819 HTTP/1.1" 200 181
01:54:03 [INFO]     [50/56] 159819 AIETF易方达 - OK (250d)
01:54:05 [INFO]   [API ERROR] 第1次尝试失败: RemoteDisconnected: Remote end closed connection without response
01:54:06 [INFO]   [API ERROR] 第2次尝试失败: RemoteDisconnected: Remote end closed connection without response
01:54:07 [INFO]   [API ERROR] 第3次尝试失败: RemoteDisconnected: Remote end closed connection without response
01:54:07 [DEBUG] https://web.ifzq.gtimg.cn:443 "GET /appstock/app/fqkline/get?param=sh588000,day,,,250,qfq HTTP/1.1" 200 None
01:54:08 [INFO]   [API ERROR] 第1次尝试失败: RemoteDisconnected: Remote end closed connection without response
01:54:09 [INFO]   [API ERROR] 第2次尝试失败: RemoteDisconnected: Remote end closed connection without response
01:54:10 [INFO]   [API ERROR] 第3次尝试失败: RemoteDisconnected: Remote end closed connection without response
01:54:10 [DEBUG] https://hq.sinajs.cn:443 "GET /list=sh588000 HTTP/1.1" 200 199
01:54:10 [INFO]     [51/56] 588000 科创50ETF - OK (250d)
01:54:12 [INFO]   [API ERROR] 第1次尝试失败: RemoteDisconnected: Remote end closed connection without response
01:54:13 [INFO]   [API ERROR] 第2次尝试失败: RemoteDisconnected: Remote end closed connection without response
01:54:14 [INFO]   [API ERROR] 第3次尝试失败: RemoteDisconnected: Remote end closed connection without response
01:54:14 [DEBUG] https://web.ifzq.gtimg.cn:443 "GET /appstock/app/fqkline/get?param=sh513500,day,,,250,qfq HTTP/1.1" 200 None
01:54:15 [INFO]   [API ERROR] 第1次尝试失败: RemoteDisconnected: Remote end closed connection without response
01:54:16 [INFO]   [API ERROR] 第2次尝试失败: RemoteDisconnected: Remote end closed connection without response
01:54:17 [INFO]   [API ERROR] 第3次尝试失败: RemoteDisconnected: Remote end closed connection without response
01:54:17 [DEBUG] https://hq.sinajs.cn:443 "GET /list=sh513500 HTTP/1.1" 200 188
01:54:17 [INFO]     [52/56] 513500 标普500ETF - OK (250d)
01:54:19 [INFO]   [API ERROR] 第1次尝试失败: RemoteDisconnected: Remote end closed connection without response
01:54:20 [INFO]   [API ERROR] 第2次尝试失败: RemoteDisconnected: Remote end closed connection without response
01:54:21 [INFO]   [API ERROR] 第3次尝试失败: RemoteDisconnected: Remote end closed connection without response
01:54:21 [DEBUG] https://web.ifzq.gtimg.cn:443 "GET /appstock/app/fqkline/get?param=sh512810,day,,,250,qfq HTTP/1.1" 200 None
01:54:21 [INFO]   [API ERROR] 第1次尝试失败: RemoteDisconnected: Remote end closed connection without response
01:54:23 [INFO]   [API ERROR] 第2次尝试失败: RemoteDisconnected: Remote end closed connection without response
01:54:24 [INFO]   [API ERROR] 第3次尝试失败: RemoteDisconnected: Remote end closed connection without response
01:54:24 [DEBUG] https://hq.sinajs.cn:443 "GET /list=sh512810 HTTP/1.1" 200 177
01:54:24 [INFO]     [53/56] 512810 军工ETF - OK (250d)
01:54:26 [INFO]   [API ERROR] 第1次尝试失败: RemoteDisconnected: Remote end closed connection without response
01:54:27 [INFO]   [API ERROR] 第2次尝试失败: RemoteDisconnected: Remote end closed connection without response
01:54:28 [INFO]   [API ERROR] 第3次尝试失败: RemoteDisconnected: Remote end closed connection without response
01:54:28 [DEBUG] https://web.ifzq.gtimg.cn:443 "GET /appstock/app/fqkline/get?param=sh513100,day,,,250,qfq HTTP/1.1" 200 None
01:54:28 [INFO]   [API ERROR] 第1次尝试失败: RemoteDisconnected: Remote end closed connection without response
01:54:30 [INFO]   [API ERROR] 第2次尝试失败: RemoteDisconnected: Remote end closed connection without response
01:54:31 [INFO]   [API ERROR] 第3次尝试失败: RemoteDisconnected: Remote end closed connection without response
01:54:31 [DEBUG] https://hq.sinajs.cn:443 "GET /list=sh513100 HTTP/1.1" 200 192
01:54:31 [INFO]     [54/56] 513100 纳指ETF国泰 - OK (250d)
01:54:33 [INFO]   [API ERROR] 第1次尝试失败: RemoteDisconnected: Remote end closed connection without response
01:54:34 [INFO]   [API ERROR] 第2次尝试失败: RemoteDisconnected: Remote end closed connection without response
01:54:35 [INFO]   [API ERROR] 第3次尝试失败: RemoteDisconnected: Remote end closed connection without response
01:54:35 [DEBUG] https://web.ifzq.gtimg.cn:443 "GET /appstock/app/fqkline/get?param=sh516020,day,,,250,qfq HTTP/1.1" 200 None
01:54:35 [INFO]   [API ERROR] 第1次尝试失败: RemoteDisconnected: Remote end closed connection without response
01:54:37 [INFO]   [API ERROR] 第2次尝试失败: RemoteDisconnected: Remote end closed connection without response
01:54:38 [INFO]   [API ERROR] 第3次尝试失败: RemoteDisconnected: Remote end closed connection without response
01:54:38 [DEBUG] https://hq.sinajs.cn:443 "GET /list=sh516020 HTTP/1.1" 200 181
01:54:38 [INFO]     [55/56] 516020 化工ETF华宝 - OK (250d)
01:54:40 [INFO]   [API ERROR] 第1次尝试失败: RemoteDisconnected: Remote end closed connection without response
01:54:41 [INFO]   [API ERROR] 第2次尝试失败: RemoteDisconnected: Remote end closed connection without response
01:54:42 [INFO]   [API ERROR] 第3次尝试失败: RemoteDisconnected: Remote end closed connection without response
01:54:42 [DEBUG] https://web.ifzq.gtimg.cn:443 "GET /appstock/app/fqkline/get?param=sh510300,day,,,250,qfq HTTP/1.1" 200 None
01:54:42 [INFO]   [API ERROR] 第1次尝试失败: RemoteDisconnected: Remote end closed connection without response
01:54:44 [INFO]   [API ERROR] 第2次尝试失败: RemoteDisconnected: Remote end closed connection without response
01:54:45 [INFO]   [API ERROR] 第3次尝试失败: RemoteDisconnected: Remote end closed connection without response
01:54:45 [DEBUG] https://hq.sinajs.cn:443 "GET /list=sh510300 HTTP/1.1" 200 200
01:54:45 [INFO]     [56/56] 510300 沪深300ETF华泰柏瑞 - OK (250d)
01:54:45 [INFO]   -> 个股数据 (1只)...
01:54:45 [INFO]   [API ERROR] 第1次尝试失败: RemoteDisconnected: Remote end closed connection without response
01:54:47 [INFO]   [API ERROR] 第2次尝试失败: RemoteDisconnected: Remote end closed connection without response
01:54:48 [INFO]   [API ERROR] 第3次尝试失败: RemoteDisconnected: Remote end closed connection without response
01:54:48 [DEBUG] https://web.ifzq.gtimg.cn:443 "GET /appstock/app/fqkline/get?param=sz000995,day,,,250,qfq HTTP/1.1" 200 None
01:54:48 [INFO]   [API ERROR] 第1次尝试失败: RemoteDisconnected: Remote end closed connection without response
01:54:50 [INFO]   [API ERROR] 第2次尝试失败: RemoteDisconnected: Remote end closed connection without response
01:54:51 [INFO]   [API ERROR] 第3次尝试失败: RemoteDisconnected: Remote end closed connection without response
01:54:51 [DEBUG] https://hq.sinajs.cn:443 "GET /list=sz000995 HTTP/1.1" 200 171
01:54:51 [INFO]     [1/1] 000995 皇台酒业 - OK (250d)
01:54:51 [INFO] [DATA ENGINE] 采集完成
01:54:51 [INFO] 市场状态预判: CHOPPY → 自适应权重生效
01:54:51 [INFO] Step 2/4: 计算因子(含截面比较)...
01:54:51 [INFO] Step 2/4a: 行业轮动...
01:54:51 [INFO]   [API ERROR] 第1次尝试失败: RemoteDisconnected: Remote end closed connection without response
01:54:53 [INFO]   [API ERROR] 第2次尝试失败: RemoteDisconnected: Remote end closed connection without response
01:54:54 [INFO]   [API ERROR] 第3次尝试失败: RemoteDisconnected: Remote end closed connection without response
01:54:54 [INFO]   [API ERROR] 第1次尝试失败: RemoteDisconnected: Remote end closed connection without response
01:54:56 [INFO]   [API ERROR] 第2次尝试失败: RemoteDisconnected: Remote end closed connection without response
01:54:57 [INFO]   [API ERROR] 第3次尝试失败: RemoteDisconnected: Remote end closed connection without response
01:54:57 [INFO]   [API ERROR] 第1次尝试失败: RemoteDisconnected: Remote end closed connection without response
01:54:58 [INFO]   [API ERROR] 第2次尝试失败: RemoteDisconnected: Remote end closed connection without response
01:55:00 [INFO]   [API ERROR] 第3次尝试失败: RemoteDisconnected: Remote end closed connection without response
01:55:00 [INFO]   [API ERROR] 第1次尝试失败: RemoteDisconnected: Remote end closed connection without response
01:55:01 [INFO]   [API ERROR] 第2次尝试失败: RemoteDisconnected: Remote end closed connection without response
01:55:03 [INFO]   [API ERROR] 第3次尝试失败: RemoteDisconnected: Remote end closed connection without response
01:55:03 [INFO]   [API ERROR] 第1次尝试失败: RemoteDisconnected: Remote end closed connection without response
01:55:04 [INFO]   [API ERROR] 第2次尝试失败: RemoteDisconnected: Remote end closed connection without response
01:55:06 [INFO]   [API ERROR] 第3次尝试失败: RemoteDisconnected: Remote end closed connection without response
01:55:06 [INFO]   [API ERROR] 第1次尝试失败: RemoteDisconnected: Remote end closed connection without response
01:55:07 [INFO]   [API ERROR] 第2次尝试失败: RemoteDisconnected: Remote end closed connection without response
01:55:09 [INFO]   [API ERROR] 第3次尝试失败: RemoteDisconnected: Remote end closed connection without response
01:55:09 [INFO]   [API ERROR] 第1次尝试失败: RemoteDisconnected: Remote end closed connection without response
01:55:10 [INFO]   [API ERROR] 第2次尝试失败: RemoteDisconnected: Remote end closed connection without response
01:55:11 [INFO]   [API ERROR] 第3次尝试失败: RemoteDisconnected: Remote end closed connection without response
01:55:12 [INFO]   [API ERROR] 第1次尝试失败: RemoteDisconnected: Remote end closed connection without response
01:55:13 [INFO]   [API ERROR] 第2次尝试失败: RemoteDisconnected: Remote end closed connection without response
01:55:14 [INFO]   [API ERROR] 第3次尝试失败: RemoteDisconnected: Remote end closed connection without response
01:55:14 [INFO]   [API ERROR] 第1次尝试失败: RemoteDisconnected: Remote end closed connection without response
01:55:16 [INFO]   [API ERROR] 第2次尝试失败: RemoteDisconnected: Remote end closed connection without response
01:55:17 [INFO]   [API ERROR] 第3次尝试失败: RemoteDisconnected: Remote end closed connection without response
01:55:17 [INFO]   [API ERROR] 第1次尝试失败: RemoteDisconnected: Remote end closed connection without response
01:55:19 [INFO]   [API ERROR] 第2次尝试失败: RemoteDisconnected: Remote end closed connection without response
01:55:20 [INFO]   [API ERROR] 第3次尝试失败: RemoteDisconnected: Remote end closed connection without response
01:55:20 [INFO]   [API ERROR] 第1次尝试失败: RemoteDisconnected: Remote end closed connection without response
01:55:22 [INFO]   [API ERROR] 第2次尝试失败: RemoteDisconnected: Remote end closed connection without response
01:55:23 [INFO]   [API ERROR] 第3次尝试失败: RemoteDisconnected: Remote end closed connection without response
01:55:23 [INFO]   [API ERROR] 第1次尝试失败: RemoteDisconnected: Remote end closed connection without response
01:55:25 [INFO]   [API ERROR] 第2次尝试失败: RemoteDisconnected: Remote end closed connection without response
01:55:26 [INFO]   [API ERROR] 第3次尝试失败: RemoteDisconnected: Remote end closed connection without response
01:55:26 [INFO]   [API ERROR] 第1次尝试失败: RemoteDisconnected: Remote end closed connection without response
01:55:27 [INFO]   [API ERROR] 第2次尝试失败: RemoteDisconnected: Remote end closed connection without response
01:55:29 [INFO]   [API ERROR] 第3次尝试失败: RemoteDisconnected: Remote end closed connection without response
01:55:29 [INFO]   [API ERROR] 第1次尝试失败: RemoteDisconnected: Remote end closed connection without response
01:55:30 [INFO]   [API ERROR] 第2次尝试失败: RemoteDisconnected: Remote end closed connection without response
01:55:32 [INFO]   [API ERROR] 第3次尝试失败: RemoteDisconnected: Remote end closed connection without response
01:55:32 [INFO]   [API ERROR] 第1次尝试失败: RemoteDisconnected: Remote end closed connection without response
01:55:33 [INFO]   [API ERROR] 第2次尝试失败: RemoteDisconnected: Remote end closed connection without response
01:55:35 [INFO]   [API ERROR] 第3次尝试失败: RemoteDisconnected: Remote end closed connection without response
01:55:35 [INFO]   [API ERROR] 第1次尝试失败: RemoteDisconnected: Remote end closed connection without response
01:55:36 [INFO]   [API ERROR] 第2次尝试失败: RemoteDisconnected: Remote end closed connection without response
01:55:37 [INFO]   [API ERROR] 第3次尝试失败: RemoteDisconnected: Remote end closed connection without response
01:55:38 [INFO]   [API ERROR] 第1次尝试失败: RemoteDisconnected: Remote end closed connection without response
01:55:39 [INFO]   [API ERROR] 第2次尝试失败: RemoteDisconnected: Remote end closed connection without response
01:55:40 [INFO]   [API ERROR] 第3次尝试失败: RemoteDisconnected: Remote end closed connection without response
01:55:40 [INFO]   [API ERROR] 第1次尝试失败: RemoteDisconnected: Remote end closed connection without response
01:55:42 [INFO]   [API ERROR] 第2次尝试失败: RemoteDisconnected: Remote end closed connection without response
01:55:43 [INFO]   [API ERROR] 第3次尝试失败: RemoteDisconnected: Remote end closed connection without response
01:55:43 [INFO]   [API ERROR] 第1次尝试失败: RemoteDisconnected: Remote end closed connection without response
01:55:45 [INFO]   [API ERROR] 第2次尝试失败: RemoteDisconnected: Remote end closed connection without response
01:55:46 [INFO]   [API ERROR] 第3次尝试失败: RemoteDisconnected: Remote end closed connection without response
01:55:46 [INFO]   [API ERROR] 第1次尝试失败: RemoteDisconnected: Remote end closed connection without response
01:55:48 [INFO]   [API ERROR] 第2次尝试失败: RemoteDisconnected: Remote end closed connection without response
01:55:49 [INFO]   [API ERROR] 第3次尝试失败: RemoteDisconnected: Remote end closed connection without response
01:55:49 [INFO]   [API ERROR] 第1次尝试失败: RemoteDisconnected: Remote end closed connection without response
01:55:51 [INFO]   [API ERROR] 第2次尝试失败: RemoteDisconnected: Remote end closed connection without response
01:55:52 [INFO]   [API ERROR] 第3次尝试失败: RemoteDisconnected: Remote end closed connection without response
01:55:52 [INFO]   [API ERROR] 第1次尝试失败: RemoteDisconnected: Remote end closed connection without response
01:55:53 [INFO]   [API ERROR] 第2次尝试失败: RemoteDisconnected: Remote end closed connection without response
01:55:55 [INFO]   [API ERROR] 第3次尝试失败: RemoteDisconnected: Remote end closed connection without response
01:55:55 [INFO]   [API ERROR] 第1次尝试失败: RemoteDisconnected: Remote end closed connection without response
01:55:56 [INFO]   [API ERROR] 第2次尝试失败: RemoteDisconnected: Remote end closed connection without response
01:55:58 [INFO]   [API ERROR] 第3次尝试失败: RemoteDisconnected: Remote end closed connection without response
01:55:58 [INFO]   [API ERROR] 第1次尝试失败: RemoteDisconnected: Remote end closed connection without response
01:55:59 [INFO]   [API ERROR] 第2次尝试失败: RemoteDisconnected: Remote end closed connection without response
01:56:01 [INFO]   [API ERROR] 第3次尝试失败: RemoteDisconnected: Remote end closed connection without response
01:56:01 [INFO]   [API ERROR] 第1次尝试失败: RemoteDisconnected: Remote end closed connection without response
01:56:02 [INFO]   [API ERROR] 第2次尝试失败: RemoteDisconnected: Remote end closed connection without response
01:56:04 [INFO]   [API ERROR] 第3次尝试失败: RemoteDisconnected: Remote end closed connection without response
01:56:04 [INFO]   [API ERROR] 第1次尝试失败: RemoteDisconnected: Remote end closed connection without response
01:56:05 [INFO]   [API ERROR] 第2次尝试失败: RemoteDisconnected: Remote end closed connection without response
01:56:06 [INFO]   [API ERROR] 第3次尝试失败: RemoteDisconnected: Remote end closed connection without response
01:56:07 [INFO]   [API ERROR] 第1次尝试失败: RemoteDisconnected: Remote end closed connection without response
01:56:08 [INFO]   [API ERROR] 第2次尝试失败: RemoteDisconnected: Remote end closed connection without response
01:56:09 [INFO]   [API ERROR] 第3次尝试失败: RemoteDisconnected: Remote end closed connection without response
01:56:10 [INFO]   [API ERROR] 第1次尝试失败: RemoteDisconnected: Remote end closed connection without response
01:56:11 [INFO]   [API ERROR] 第2次尝试失败: RemoteDisconnected: Remote end closed connection without response
01:56:12 [INFO]   [API ERROR] 第3次尝试失败: RemoteDisconnected: Remote end closed connection without response
01:56:23 [INFO] Step 3/4: 大盘择时...
01:56:23 [INFO] Step 4/4: 生成决策...
01:56:23 [INFO]   [基准对比] 数据不足
01:56:25 [INFO] 报告已保存: E:\Claudecode\quant\quant_system\report_20260726.json
01:56:25 [INFO] 生成HTML报告并发送邮件...
01:56:26 [INFO] [MAIL] 报告已发送到 1239617073@qq.com
